search_word	tweet_id	time	user	user_name	user_id	to_user	to_user_name	to_user_id	contents	source	in_reply_to	location	lang	imageUrl	geo	place	retweet_id	retweet_sn	retweet_cnt	cluster
スマホ -rt	807105557001682944	2016-12-09 15:12:14	Ymawaji	ワイモバイル阪急淡路	2730811376	NULL	NULL	-1	家に固定回線が無い、でも工事はしたくない。そんなお客様におススメなのは｢SoftBank Air｣です。自宅のコンセントに挿すだけでインターネット環境にすることが可能です。月々5000円～使用出来て、さらに｢光おトク割｣でスマホの料金も安くなるのですごくおススメです！	<a href="http://twirobo.com/" rel="nofollow">twiroboJP</a>	-1		ja	http://pbs.twimg.com/profile_images/499820701948203008/FgJFY2yv_normal.jpeg	NULL		NULL	NULL	0	NULL
スマホ -rt	807105549594525696	2016-12-09 15:12:12	15787_	**	790357819027447808	NULL	NULL	-1	スマホも使えないおばあちゃんじゃあ仕方ないかw	<a href="http://twitter.com/download/iphone" rel="nofollow">Twitter for iPhone</a>	-1		ja	http://pbs.twimg.com/profile_images/790469515083550720/PmSs_l0k_normal.jpg	NULL		NULL	NULL	0	NULL
スマホ -rt	807105540203552768	2016-12-09 15:12:10	antennaNet	あんてなねっと	2258354826	NULL	NULL	-1	20代女性のPC離れ、6割が半年以上触れず　おじさんもスマホ買っちゃうｗ https://t.co/6z9WnohmLz #その他 #IT #まとめ	<a href="http://twitter.com/" rel="nofollow">antennaNet</a>	-1		ja	http://pbs.twimg.com/profile_images/426721506857463809/l0RpgUYB_normal.png	NULL		NULL	NULL	0	NULL
スマホ -rt	807105538655850496	2016-12-09 15:12:10	ymobileomori	ワイモバイル大森	374381960	NULL	NULL	-1	☆ #docomo ユーザー必見☆#ワイモバイル スマホにのりかえで月々1,980円～GalaxyやXperiaをご利用なら使い慣れた機種はそのままSIMのみ差し換えて利用可能♪⇒ご来店特典あります♪詳しくは大森のワイモバイルまで！　d	<a href="http://makebot.sh" rel="nofollow">ワイモバイル大森</a>	-1	東京都大田区大森北1-29-15大森佐藤ビル1Ｆ	ja	http://pbs.twimg.com/profile_images/555289822055510018/dqcsx40d_normal.jpeg	NULL		NULL	NULL	0	NULL
スマホ -rt	807105534029500416	2016-12-09 15:12:09	paru_koppe	ぱる?死にました	2320559407	NULL	NULL	-1	私のスマホかれこれ2時間充電してるけどぜんぜん緑ランプにならねえ。。。そりゃ電源もつかねーわ	<a href="http://twitter.com" rel="nofollow">Twitter Web Client</a>	-1	アイコンはあべこ先生	ja	http://pbs.twimg.com/profile_images/804604115514847232/M7w7hJsC_normal.jpg	NULL		NULL	NULL	0	NULL
スマホ -rt	807105526865620992	2016-12-09 15:12:07	RagNayu_fmkP	らぐなゆ vs 超極	770999589318987776	NULL	CHUmai__m_h	776772718871977984	@CHUmai__m_h (スマホが)死んでました…。	<a href="http://twitter.com/download/iphone" rel="nofollow">Twitter for iPhone</a>	807097412799975424	埼玉県	ja	http://pbs.twimg.com/profile_images/800742842020659201/YBHVWZ6r_normal.jpg	NULL		NULL	NULL	0	NULL
スマホ -rt	807105515985637377	2016-12-09 15:12:04	krkr1stardangea	黒子	1028429803	NULL	NULL	-1	え、すげえ音楽なるwwスマホでもw	<a href="http://twitter.com/download/iphone" rel="nofollow">Twitter for iPhone</a>	-1		ja	http://pbs.twimg.com/profile_images/798918617211375616/U-yaezO3_normal.jpg	NULL		NULL	NULL	0	NULL
スマホ -rt	807105511845830657	2016-12-09 15:12:03	laboss40242662	laboss	3051912367	NULL	NULL	-1	スマホRPGは今これをやってるよ。今の推しキャラはこちら！　ゲーム内プロフィール→　https://t.co/CsM45Rve98 https://t.co/XaIgHLyeuO	<a href="http://granbluefantasy.jp/" rel="nofollow">グランブルー ファンタジー</a>	-1		en	http://abs.twimg.com/sticky/default_profile_images/default_profile_0_normal.png	NULL		NULL	NULL	0	NULL
スマホ -rt	807105511053107200	2016-12-09 15:12:03	kgms0820	どりーみぃ@12/11クリコン	1383538657	NULL	NULL	-1	スマホ持ち込み禁止は死ぬ(　＾∀＾)	<a href="http://twitter.com/download/iphone" rel="nofollow">Twitter for iPhone</a>	-1	進級と留年の狭間	ja	http://pbs.twimg.com/profile_images/378800000107144430/16fcf85221d71eb01c343565f59119c6_normal.jpeg	NULL		NULL	NULL	0	NULL
スマホ -rt	807105490605879296	2016-12-09 15:11:58	warara3	泣ける・切ない話・言葉まとめbot	4760171898	NULL	NULL	-1	喫茶店でのんびりしてたら隣の席の男女が同席して無言でスマホ弄ってにまにましていたのを通りすがりのおじさんが「人といる時でもケータイばかり弄るお前らは社会問題なんだ」と言った時、女の子が涙目で耳の不自由な彼氏と会話するのがそんなに社会問題かって怒っててて、なんか胸にきた。	<a href="http://twittbot.net/" rel="nofollow">twittbot.net</a>	-1		ja	http://pbs.twimg.com/profile_images/687781134537768961/lRP3ykNL_normal.jpg	NULL		NULL	NULL	0	NULL
スマホ -rt	807105479197368320	2016-12-09 15:11:56	HfLjo	アリスバック	780325215934910464	NULL	NULL	-1	白ロム docomo iPhone6S Plus 128GB docomo スペースグレイ スマホ 本体 【中古】【美品】【送料無料】【あす楽】【1年保証】【1...https://t.co/DoYWQHevwA https://t.co/kyNMDMyjyi	<a href="http://www.otoshu.com/" rel="nofollow">うわさの人気アイテム</a>	-1		ja	http://pbs.twimg.com/profile_images/780425716936552448/AJJYzu0q_normal.jpg	NULL		NULL	NULL	0	NULL
スマホ -rt	807105471999946752	2016-12-09 15:11:54	suziuga24	欲しいものリスト	3277865342	NULL	NULL	-1	白ロム au 未使用 iPhone7 A1779 (MNCQ2J/A) 256GB ブラック【当社6ヶ月保証】 スマホ 中古 本体 送料無料【中古】 【 パソコ...https://t.co/LycResnHo3 https://t.co/rNvRk80EEP	<a href="https://twitter.com/CastellBelinda" rel="nofollow">いいもの通信</a>	-1		ja	http://pbs.twimg.com/profile_images/754659847690301440/nk5DGkEt_normal.jpg	NULL		NULL	NULL	0	NULL
スマホ -rt	807105470292889601	2016-12-09 15:11:54	HydroEuphoria	Hydria	3308515759	NULL	NULL	-1	歩きスマホしてたら前からチャリスマホが来た	<a href="http://yukari.shibafu528.info" rel="nofollow">Yukari for Android</a>	-1	ゆかりさんの膝の上	ja	http://pbs.twimg.com/profile_images/754693177336922112/d4rSscCL_normal.jpg	NULL		NULL	NULL	0	NULL
スマホ -rt	807105468040519680	2016-12-09 15:11:53	PartOpiWabhpzgi	めちゃくちゃすごい画像	2841061934	NULL	NULL	-1	BESTEK? スマホ iphone 用クリップ式 フレキシの最安値はこちらhttps://t.co/ro3TrQzQHb	<a href="http://twittbot.net/" rel="nofollow">twittbot.net</a>	-1		ja	http://pbs.twimg.com/profile_images/530138296244895744/hpF_JYbx_normal.png	NULL		NULL	NULL	0	NULL
スマホ -rt	807105467604344833	2016-12-09 15:11:53	ym_wakaeiwata	ワイモバイル若江岩田	2783851574	NULL	NULL	-1	Googleから発売している「nexus5X」と「Android one」がワイモバイルから発売しています。「nexus5X」は5.2インチの画面にロック解除に指紋認証も採用しています。「Android one」は国内初のスマホで防水機能などがついたスマホになっています	<a href="http://twirobo.com/" rel="nofollow">twiroboJP</a>	-1		ja	http://pbs.twimg.com/profile_images/621506702907568128/7ipzj2a3_normal.jpg	NULL		NULL	NULL	0	NULL
スマホ -rt	807105460272644096	2016-12-09 15:11:51	connectiooooon	風木そわ	735335088884486148	NULL	NULL	-1	もちマス可愛すぎてとりあえずスマホにつけてる https://t.co/3JLdRf63Ff	<a href="http://twitter.com/download/iphone" rel="nofollow">Twitter for iPhone</a>	-1	お悩み相談王国アルビオン	ja	http://pbs.twimg.com/profile_images/804271093108224000/Z1-km2CM_normal.jpg	NULL		NULL	NULL	0	NULL
スマホ -rt	807105459060514816	2016-12-09 15:11:51	au_support	ａｕサポート	388852472	NULL	mgw4v_	3425117173	@mgw4v_ はじめまして、auサポートの川崎です。昨晩、電波でお困りのようでしたが、ねむ郎様はauのスマホをご利用でしょうか(；ﾟДﾟ)？	<a href="http://appexchangejp.salesforce.com/listingDetail?listingId=a0N30000009wgl4EAA" rel="nofollow">SocialVoiceForSupport</a>	806833914673123328		ja	http://pbs.twimg.com/profile_images/2014810134/au-support_twitter_0302_normal.png	NULL		NULL	NULL	0	NULL
スマホ -rt	807105458074882048	2016-12-09 15:11:51	namemirage17	mirage17	216926116	NULL	NULL	-1	プロ生ちゃんと銅像作ろう（スマホ版）ｇｏｏｇｌｅｐｌａｙ ｖｅｒ１．４をｇｏｏｇｌｅｐｌａｙで、広告を出して、総インストール数５０人越えを目指す計画が進行中。でもまだ１円も課金されてないし、ｇｏｏｇｌｅに電話したけど、ｇｏｏｇｌｅｐｌａｙの広告の表示には、時間がかかると言われた。	<a href="http://twitter.com" rel="nofollow">Twitter Web Client</a>	-1	兵庫県	ja	http://pbs.twimg.com/profile_images/1175868747/magicalc_normal.jpg	NULL		NULL	NULL	0	NULL
スマホ -rt	807105445680680960	2016-12-09 15:11:48	ku_deai	相互フォロー仲介所@KSR	1711560997	NULL	NULL	-1	スマホでも見れる！効率が１０倍アップするxvideos・redtube活用法　https://t.co/4ZtF5RGaX2	<a href="http://twittbot.net/" rel="nofollow">twittbot.net</a>	-1		ja	http://pbs.twimg.com/profile_images/378800000432504463/7b2b79723c01aca30a5105cbd631e853_normal.jpeg	NULL		NULL	NULL	0	NULL
スマホ -rt	807105416266063873	2016-12-09 15:11:41	tama_mushi01	ｔ-まむし（水冷式）	253569773	NULL	NULL	-1	スマホも本も時計もなく待機室で90分安静はつらいぜ。	<a href="http://twitter.com/download/iphone" rel="nofollow">Twitter for iPhone</a>	-1		ja	http://pbs.twimg.com/profile_images/787894202919100416/iqDQwihC_normal.jpg	NULL		NULL	NULL	0	NULL
スマホ -rt	807105411337699328	2016-12-09 15:11:40	tda0714	T田	746764446299656192	NULL	NULL	-1	今日仕事なさすぎてずっとケータイながめてるスマホ用のVRポチってしまったよ	<a href="http://twitter.com/download/iphone" rel="nofollow">Twitter for iPhone</a>	-1	日本 石川	ja	http://pbs.twimg.com/profile_images/763639968258404352/aiv_Z7tU_normal.jpg	NULL		NULL	NULL	0	NULL
スマホ -rt	807105411190898688	2016-12-09 15:11:39	Jinmen2	じんめん＠実況	144848247	NULL	NULL	-1	スマホRPGは今これをやってるよ。今の推しキャラはこちら！　ゲーム内プロフィール→　https://t.co/RPiCaDcA3k https://t.co/dQKica08id	<a href="http://granbluefantasy.jp/" rel="nofollow">グランブルー ファンタジー</a>	-1	埼玉県	ja	http://pbs.twimg.com/profile_images/1533000392/icon_miruhi11_normal.png	NULL		NULL	NULL	0	NULL
スマホ -rt	807105409026641920	2016-12-09 15:11:39	FIPysKYkMwgSg8J	ばいあぐら@ぐらぶる	4389049826	NULL	NULL	-1	スマホRPGは今これをやってるよ。今のジョブはこれ！　ゲーム内プロフィール→　https://t.co/bk9DpEEMS2 https://t.co/Qa4V0ZWL1p	<a href="http://granbluefantasy.jp/" rel="nofollow">グランブルー ファンタジー</a>	-1		ja	http://abs.twimg.com/sticky/default_profile_images/default_profile_0_normal.png	NULL		NULL	NULL	0	NULL
スマホ -rt	807105396053708801	2016-12-09 15:11:36	IDockiE	eL どっきー	2554912466	NULL	NULL	-1	スマホで10コアもいらないだろって思う	<a href="http://589lab.net/works/cerisier/" rel="nofollow">Cerisier</a>	-1	東京	ja	http://pbs.twimg.com/profile_images/803251225474932741/TvkS283M_normal.jpg	NULL		NULL	NULL	0	NULL
スマホ -rt	807105394346631168	2016-12-09 15:11:35	gf_posi	(*^◯^*)	2536659062	NULL	NULL	-1	スマホRPGは今これをやってるよ。今の推しキャラはこちら！　ゲーム内プロフィール→　https://t.co/AD125DFdBZ https://t.co/Udd1cwCYrG	<a href="http://granbluefantasy.jp/" rel="nofollow">グランブルー ファンタジー</a>	-1		ja	http://pbs.twimg.com/profile_images/472610075266134016/v4gLxim5_normal.png	NULL		NULL	NULL	0	NULL
スマホ -rt	807105392958242816	2016-12-09 15:11:35	bank_o_minami	SoftBank岡崎南	803906213209509888	NULL	NULL	-1	【スタンプ貯めて最大10,800円割引!!】当店限定!!スマホ画面にスタンプを押します!!ご来店ごとスタンプを貯めて次の機種変更やソフトバンクに乗換で使えるクーポンに大変身!!お使いのスマホをお持ちいただくだけ!!https://t.co/hswsvY3Yq3	<a href="http://twittbot.net/" rel="nofollow">twittbot.net</a>	-1	愛知県岡崎市若松東1丁目9-20	ja	http://pbs.twimg.com/profile_images/803907762191073282/BElBzyhY_normal.jpg	NULL		NULL	NULL	0	NULL
スマホ -rt	807105378274025472	2016-12-09 15:11:32	lBlaCkLoTuSl	メタトロン＠ブイン基地	1492727466	NULL	NULL	-1	スマホRPGは今これをやってるよ。今の推しキャラはこちら！　ゲーム内プロフィール→　https://t.co/dZE8TDMNMD https://t.co/JbrL3H12Lq	<a href="http://granbluefantasy.jp/" rel="nofollow">グランブルー ファンタジー</a>	-1		zh-tw	http://pbs.twimg.com/profile_images/727700791348207619/AM1-JWdW_normal.jpg	NULL		NULL	NULL	0	NULL
スマホ -rt	807105375396691968	2016-12-09 15:11:31	k_rqn	げん 太郎	722655827472080896	NULL	NULL	-1	スマホのボタン壊れちゃった	<a href="http://twitter.com/download/iphone" rel="nofollow">Twitter for iPhone</a>	-1	三島	en	http://pbs.twimg.com/profile_images/804884288814489600/wiFd0foM_normal.jpg	NULL		NULL	NULL	0	NULL
スマホ -rt	807105371529572352	2016-12-09 15:11:30	aby_dqx	アビィ	2431893151	NULL	NULL	-1	スマホに文字入力する時とかなど操作する時ってみんなどの指使ってるのかな？私右手の親指使ってて、ツムツムも親指でつなげるんだけど………親指の指先超怪我してしまったぁぁぁぁぁあ……っ！スマホ使いづらい…	<a href="http://twitter.com/download/iphone" rel="nofollow">Twitter for iPhone</a>	-1		ja	http://pbs.twimg.com/profile_images/769616475183206400/iDc8bE1u_normal.jpg	NULL		NULL	NULL	0	NULL
スマホ -rt	807105360909611009	2016-12-09 15:11:27	zero_sougo	相互フォロー支援アカウントzero	772976178596425728	NULL	NULL	-1	「何も」なしで、ただスマホで超簡単な作業後完全放置して収益と時間を手に入れることが出来ます。.⇒https://t.co/htfSDqetMH	<a href="http://twittbot.net/" rel="nofollow">twittbot.net</a>	-1	東京都	ja	http://pbs.twimg.com/profile_images/772977728035237888/BZWC3yTo_normal.jpg	NULL		NULL	NULL	0	NULL
スマホ -rt	807105357122109440	2016-12-09 15:11:27	au_ion_kahoku	auショップイオンモールかほく	147539801	NULL	NULL	-1	全力機種変更販売中！！今ならガラケー　→　LTEスマホに変更で最大25000円割り引き！！詳しくは、https://t.co/fVv8TZyKM1 #＃イオンモールかほく #au	<a href="http://twittbot.net/" rel="nofollow">twittbot.net</a>	-1	石川県かほく市　イオンかほくショッピングセンター（２階）	ja	http://pbs.twimg.com/profile_images/732096304113803264/yKyQYrXA_normal.jpg	NULL		NULL	NULL	0	NULL
スマホ -rt	807105355939360768	2016-12-09 15:11:26	kuro96_nikusuki	KuRo	528328808	NULL	NULL	-1	スマホの充電がない(笑)(。・ω・。)	<a href="http://twitter.com/download/android" rel="nofollow">Twitter for Android</a>	-1		ja	http://pbs.twimg.com/profile_images/630040411705229313/_JPqx81z_normal.jpg	NULL		NULL	NULL	0	NULL
スマホ -rt	807105346959331328	2016-12-09 15:11:24	bank_kanie	SoftBank 蟹江	3255443750	NULL	NULL	-1	【スタンプを貯めて最大10,800円割引!!】当店限定!!スマホ画面にスタンプを押します!!ご来店ごとスタンプを貯めて次の機種変更やソフトバンクに乗換で使えるクーポンに大変身♪お使いのスマホをお持ちいただくだけ!!https://t.co/ejD8d1vcIm	<a href="http://twittbot.net/" rel="nofollow">twittbot.net</a>	-1	愛知県海部郡蟹江町源氏1-161	ja	http://pbs.twimg.com/profile_images/614138234419982336/lffCELj3_normal.jpg	NULL		NULL	NULL	0	NULL
スマホ -rt	807105344681832448	2016-12-09 15:11:24	YMnitori_hiraka	ワイモバイルニトリモール枚方	2783612964	NULL	NULL	-1	家に固定回線が無い、でも工事はしたくない。そんなお客様におススメなのは｢SoftBank Air｣です。自宅のコンセントに挿すだけでインターネット環境にすることが可能です。月々5000円～使用出来て、さらに｢光おトク割｣でスマホの料金も安くなるのですごくおススメです！	<a href="http://twirobo.com/" rel="nofollow">twiroboJP</a>	-1	大阪府枚方市北山1-2-1 ニトリモール1F	ja	http://pbs.twimg.com/profile_images/722619483244761092/ix2XlpGC_normal.jpg	NULL		NULL	NULL	0	NULL
スマホ -rt	807105342819606528	2016-12-09 15:11:23	Sb_sannomiya_h	ソフトバンク三宮東口	2992334192	NULL	NULL	-1	プリペイド式ケータイの取扱い再開しました！ 在庫極少の為、必ず電話で在庫の問い合わせをして下さい！#プリペイド #スマホ #格安 #シンプルスタイル #ソフトバンク #神戸 #大阪 #SoftBank	<a href="http://twittbot.net/" rel="nofollow">twittbot.net</a>	-1	兵庫県 神戸市 中央区	ja	http://pbs.twimg.com/profile_images/698431112314421248/ZWDLg5Gg_normal.png	NULL		NULL	NULL	0	NULL
スマホ -rt	807105335735394304	2016-12-09 15:11:21	KaraseBank	SoftBank 静岡唐瀬	3255494558	NULL	NULL	-1	【スタンプを貯めて最大10,800円割引!!】当店限定!!スマホ画面にスタンプを押します!!ご来店ごとスタンプを貯めて次の機種変更やソフトバンクに乗換で使えるクーポンに大変身☆お使いのスマホをお持ちいただくだけ!!https://t.co/qHEbYtYV7E	<a href="http://twittbot.net/" rel="nofollow">twittbot.net</a>	-1	静岡県静岡市葵区北安東5-50-17	ja	http://pbs.twimg.com/profile_images/614138477098201088/ihGmYLsy_normal.jpg	NULL		NULL	NULL	0	NULL
スマホ -rt	807105335462797312	2016-12-09 15:11:21	bank_o_higashi	SoftBank岡崎東	803892683232026624	NULL	NULL	-1	【スタンプ貯めて最大10,800円割引!!】当店限定!!スマホ画面にスタンプを押します☆ご来店ごとスタンプを貯めて次の機種変更やソフトバンクに乗換で使えるクーポンに大変身★お使いのスマホをお持ちいただくだけ!!https://t.co/G6UHJNckVx	<a href="http://twittbot.net/" rel="nofollow">twittbot.net</a>	-1	愛知県岡崎市洞町字西浦24-1	ja	http://pbs.twimg.com/profile_images/803900465498845184/4IbVzLJU_normal.jpg	NULL		NULL	NULL	0	NULL
スマホ -rt	807105332438855680	2016-12-09 15:11:21	mdhqsh1s1	晴れのち曇りだらけ	740776872208961536	NULL	NULL	-1	小さいスマホの選択肢少なすぎ問題　現状『iPhone SE』一択だよな https://t.co/GObscTG13w https://t.co/6SlHsJDPim	<a href="http://ifttt.com" rel="nofollow">IFTTT</a>	-1	United States	en	http://pbs.twimg.com/profile_images/740788870271381504/sA9DHb4Y_normal.jpg	NULL		NULL	NULL	0	NULL
スマホ -rt	807105331910217728	2016-12-09 15:11:21	BusinessBook8	Yui?OL→起業	770330165696077824	NULL	NULL	-1	OLから起業して頑張っています♪毎日が自由でストレスフリーな生活を送っています。ネットビジネスで稼ぎたい人は相談に無料で乗ります?気軽に連絡してください♪スマホでLINEを開いてID検索『@knf8568u』@←忘れずに?	<a href="http://twirobo.com/" rel="nofollow">twiroboJP</a>	-1	↓ワンクリックで友だち追加?	ja	http://pbs.twimg.com/profile_images/800054014167502848/aSvSq28-_normal.jpg	NULL		NULL	NULL	0	NULL
スマホ -rt	807105329460715520	2016-12-09 15:11:20	Gapplenn	Gapplen	1277677680	NULL	NULL	-1	スマホRPGは今これをやってるよ。今の推しキャラはこちら！　ゲーム内プロフィール→　https://t.co/GxSrvztXIw https://t.co/C2IUMfbTxD	<a href="http://granbluefantasy.jp/" rel="nofollow">グランブルー ファンタジー</a>	-1		ja	http://pbs.twimg.com/profile_images/799608434022715392/9B8hpxte_normal.jpg	NULL		NULL	NULL	0	NULL
スマホ -rt	807105324595310592	2016-12-09 15:11:19	hiroka_siraisi	hiroka.s	153608020	NULL	hana19721208	227179474	@hana19721208 暇でお金貰えるの最高じゃないか！！！スマホ充電して電気代も貰おう！	<a href="http://twitter.com" rel="nofollow">Twitter Web Client</a>	807104723878715394	川越市	ja	http://pbs.twimg.com/profile_images/491447414553718784/F8pM--Je_normal.jpeg	NULL		NULL	NULL	0	NULL
スマホ -rt	807105319331467264	2016-12-09 15:11:18	aub79tm	tm	1393703198	NULL	NULL	-1	スマホRPGは今これをやってるよ。今の推しキャラはこちら！　ゲーム内プロフィール→　https://t.co/pT3ulybo9i https://t.co/AmVqSRE9zO	<a href="http://granbluefantasy.jp/" rel="nofollow">グランブルー ファンタジー</a>	-1		ja	http://pbs.twimg.com/profile_images/446234649337946112/Uu5AY_Bq_normal.jpeg	NULL		NULL	NULL	0	NULL
スマホ -rt	807105300834570240	2016-12-09 15:11:13	stay_home0	ｺｲﾆﾊｯﾃﾝｼﾃ松	709146024669917184	NULL	NULL	-1	スマホRPGは今これをやってるよ。今のジョブはこれ！　ゲーム内プロフィール→　https://t.co/wZUxBLk7zl https://t.co/daaMaJeseM	<a href="http://granbluefantasy.jp/" rel="nofollow">グランブルー ファンタジー</a>	-1		ja	http://pbs.twimg.com/profile_images/729305268631150592/H_4UbNv7_normal.jpg	NULL		NULL	NULL	0	NULL
スマホ -rt	807105284258701312	2016-12-09 15:11:09	ryonryon74	ならりょう	142595070	NULL	NULL	-1	遠出の運転中ひまなので、昔スマホに入れてたSMAPを思い出して久しぶりにかけてみたら。解散でみんながわーわー言ってる意味がやっと分かった気がしたよ。だんだんさみしくなってきて、「夜空のムコウ」でホロリ。。「シェイク」熱唱！年末までの番組、ちゃんと見ますっ！	<a href="http://twitter.com" rel="nofollow">Twitter Web Client</a>	-1	大分県日田市	ja	http://pbs.twimg.com/profile_images/904558531/ryonryon74_normal.jpg	NULL		NULL	NULL	0	NULL
スマホ -rt	807105274934743040	2016-12-09 15:11:07	PASHAyamada	PASHA	3050166312	NULL	NULL	-1	スマホRPGは今これをやってるよ。今のジョブはこれ！　ゲーム内プロフィール→　https://t.co/O6vEx9fmZA https://t.co/WQL2xsV6kq	<a href="http://granbluefantasy.jp/" rel="nofollow">グランブルー ファンタジー</a>	-1		ja	http://abs.twimg.com/sticky/default_profile_images/default_profile_4_normal.png	NULL		NULL	NULL	0	NULL
スマホ -rt	807105269352103936	2016-12-09 15:11:06	2chmiru	２ちゃんみる公式	2583614126	NULL	NULL	-1	小さいスマホの選択肢少なすぎ問題　現状『iPhone SE』一択だよな⇒ https://t.co/pyV66ux5R5	<a href="http://2chmiru.com" rel="nofollow">2chmiru_BOT</a>	-1		ja	http://pbs.twimg.com/profile_images/482262108034199553/uJrzbsja_normal.png	NULL		NULL	NULL	0	NULL
スマホ -rt	807105260598607872	2016-12-09 15:11:04	wildtono	池田春香	106040242	NULL	NULL	-1	服部平次に夢中になってたらスマホ落として割れちまった…う…うそやろ…	<a href="http://twitter.com/download/iphone" rel="nofollow">Twitter for iPhone</a>	-1		ja	http://pbs.twimg.com/profile_images/785871556970885122/uQxh3tvG_normal.jpg	NULL		NULL	NULL	0	NULL
スマホ -rt	807105255276064768	2016-12-09 15:11:02	ohtayakurayoshi	携帯電話のオオタ屋倉吉駅前店	121925536	NULL	NULL	-1	ケンタッキー隣り、旧ソフトバンク倉吉駅前店のオオタ屋倉吉駅前店です、話題のスマホ予約は、webでも受け付けしていますweb予約は下記よりお申込み下さいhttps://t.co/zsDKC9PBen	<a href="http://autotweety.net" rel="nofollow">autotweety.net</a>	-1	鳥取県倉吉市山根572サンクピエスビル1F	ja	http://pbs.twimg.com/profile_images/692992778813489153/P8knLX8i_normal.jpg	NULL		NULL	NULL	0	NULL
スマホ -rt	807105253350871040	2016-12-09 15:11:02	musicfantasic	music for life	3064132093	NULL	NULL	-1	[ITニュース]iPhoneで遊べる『スーパーマリオ ラン』ってどんなゲーム？ スマホのマリオを先行体験　https://t.co/TLwCaF7K0G　[12/09 151101]　--いつも有難うございます。　今のままでいいんですよ。	<a href="http://www.crypton.co.jp/" rel="nofollow">mikumikumikumiku</a>	-1	せかいのどこか。	ja	http://pbs.twimg.com/profile_images/573730761733332996/sabXJJPR_normal.png	NULL		NULL	NULL	0	NULL
スマホ -rt	807105249429241856	2016-12-09 15:11:01	jun_kanagawa	純です！	450561983	NULL	NULL	-1	【デコメ祭り？？スマホでできるみたいです！！】　デコメ祭り⇒https://t.co/Luo93kbQID ##follow.jp	<a href="http://twittbot.net/" rel="nofollow">twittbot.net</a>	-1	神奈川	ja	http://pbs.twimg.com/profile_images/1723522774/MP900409065_normal.JPG	NULL		NULL	NULL	0	NULL
スマホ -rt	807105232572280832	2016-12-09 15:10:57	ytyy68191	相互	702575006740393984	NULL	NULL	-1	☆人気のスマホ副業☆?スマホがあればできる?どこでもできる?空いた時間にできる?完全無料?迷惑メールなし?月１０万～稼げる?家族、友達にはバレません?振り込み確認済み?希望の方は通帳見せています◎気軽にDMくださいね?	<a href="http://twittbot.net/" rel="nofollow">twittbot.net</a>	-1		ja	http://pbs.twimg.com/profile_images/702575454033563648/NhYfyE2i_normal.jpg	NULL		NULL	NULL	0	NULL
スマホ -rt	807105231674691584	2016-12-09 15:10:57	aokiyuuko212	青木　優子	4582971734	NULL	NULL	-1	毎月5000円！だれでもスマホorPCがあれば簡単に稼げます♪やり方を知りたい方は気軽にDMください！EHp	<a href="http://twittbot.net/" rel="nofollow">twittbot.net</a>	-1		ja	http://abs.twimg.com/sticky/default_profile_images/default_profile_5_normal.png	NULL		NULL	NULL	0	NULL
スマホ -rt	807105217510588416	2016-12-09 15:10:53	GN_KYM	GN KYM	417622839	NULL	NULL	-1	スマホRPGは今これをやってるよ。今の推しキャラはこちら！　ゲーム内プロフィール→　https://t.co/3xNKXvDcrm https://t.co/vzl7Z4XSwc	<a href="http://granbluefantasy.jp/" rel="nofollow">グランブルー ファンタジー</a>	-1	東京都町田市	ja	http://pbs.twimg.com/profile_images/1650336551/ccopedia-3_normal.jpg	NULL		NULL	NULL	0	NULL
スマホ -rt	807105213802758144	2016-12-09 15:10:52	nue0624	ありありあ	475819041	NULL	NULL	-1	スマホRPGは今これをやってるよ。今の推しキャラはこちら！　ゲーム内プロフィール→　https://t.co/YeF5NNhqpp https://t.co/w8rgnSfjpf	<a href="http://granbluefantasy.jp/" rel="nofollow">グランブルー ファンタジー</a>	-1	近々地元に帰るんです	ja	http://abs.twimg.com/sticky/default_profile_images/default_profile_5_normal.png	NULL		NULL	NULL	0	NULL
スマホ -rt	807105213270138880	2016-12-09 15:10:52	nagomiopre	チャットレディ求人情報	592649118	NULL	NULL	-1	.(*'v`*)  DXLIVEチャットレディは稼げる？(スマホ対応)。https://t.co/1fvPUIKwPK #仕事 #求職 #就職 #就活	<a href="http://www.twisuke.com" rel="nofollow">ツイ助。</a>	-1		ja	http://abs.twimg.com/sticky/default_profile_images/default_profile_5_normal.png	NULL		NULL	NULL	0	NULL
スマホ -rt	807105210355064833	2016-12-09 15:10:52	INPREZA_5	スバルYouTuber開局3周年	320574515	NULL	iloveyou_k88	779589007835475969	@iloveyou_k88 撮影は10秒程度でiPhoneやスマホならフルHDで横にして撮影でビデオカメラならフルHDのMP4形式で撮影です。編集はこちらで行いますので撮影だけお願いいたします。その後、データを受け取り動画の説明欄に紹介させていただきます。	<a href="http://twitter.com/download/android" rel="nofollow">Twitter for Android</a>	807071552101552129	北海道のYouTuber	ja	http://pbs.twimg.com/profile_images/753979571586727936/k0ppeyax_normal.jpg	NULL		NULL	NULL	0	NULL
スマホ -rt	807105201865826304	2016-12-09 15:10:50	gurapoko	ぽこ	4898464345	NULL	NULL	-1	スマホRPGは今これをやってるよ。今の推しキャラはこちら！　ゲーム内プロフィール→　https://t.co/FIP7pluY19 https://t.co/wqW0DBaR3b	<a href="http://granbluefantasy.jp/" rel="nofollow">グランブルー ファンタジー</a>	-1		ja	http://abs.twimg.com/sticky/default_profile_images/default_profile_5_normal.png	NULL		NULL	NULL	0	NULL
スマホ -rt	807105193288437760	2016-12-09 15:10:48	Firefly_YIZ_WT	＝YIZ＝蛍	794426333811994624	NULL	tokitukaze0	4820817356	@tokitukaze0 パソコン？スマホ？どっち？	<a href="http://twitter.com/download/iphone" rel="nofollow">Twitter for iPhone</a>	807104417551896576	日本 東京	ja	http://pbs.twimg.com/profile_images/803622664602460161/P_iWTIwT_normal.jpg	NULL		NULL	NULL	0	NULL
スマホ -rt	807105192055320580	2016-12-09 15:10:47	waresumaho	画面が割れたスマホbot	2547512686	NULL	NULL	-1	Skypeやってる相手は俺のスマホがこんなにヒビだらけなことは知る由もないだろう	<a href="http://twittbot.net/" rel="nofollow">twittbot.net</a>	-1		ja	http://pbs.twimg.com/profile_images/604895264583774209/b6_AnelP_normal.jpg	NULL		NULL	NULL	0	NULL
スマホ -rt	807105171436113920	2016-12-09 15:10:42	nedned84	たけし	3188367031	NULL	NULL	-1	スマホRPGは今これをやってるよ。今のジョブはこれ！　ゲーム内プロフィール→　https://t.co/HBAhICrYtb https://t.co/WKjUjO3z7w	<a href="http://granbluefantasy.jp/" rel="nofollow">グランブルー ファンタジー</a>	-1		en	http://pbs.twimg.com/profile_images/749102749367701505/1qmnoPDT_normal.jpg	NULL		NULL	NULL	0	NULL
スマホ -rt	807105169875865601	2016-12-09 15:10:42	GREE_DeNA	GREE & DeNA 情報	1166873478	NULL	NULL	-1	スマホ白書（2012） モバイルビジネス拡大の鍵を握る「スマホ」市場を徹底解説 https://t.co/sBlSzI39Zm	<a href="http://twittbot.net/" rel="nofollow">twittbot.net</a>	-1		ja	http://pbs.twimg.com/profile_images/3244763302/e0b26882d29ffc1c81ae310d4caf7008_normal.jpeg	NULL		NULL	NULL	0	NULL
スマホ -rt	807105167933861888	2016-12-09 15:10:41	moon_bin	usa☆月うさ (moon_rabi)	2215205376	NULL	NULL	-1	スマホ&タブレットをバックアップ中…	<a href="http://twitter.com/download/iphone" rel="nofollow">Twitter for iPhone</a>	-1	Facebook(Moon Rabi Usa)	ja	http://pbs.twimg.com/profile_images/794023921771130881/CwAuuOHH_normal.jpg	NULL		NULL	NULL	0	NULL
スマホ -rt	807105166621016065	2016-12-09 15:10:41	akzora	秋ゾラ	333180994	NULL	NULL	-1	スマホRPGは今これをやってるよ。今の推しキャラはこちら！　ゲーム内プロフィール→　https://t.co/vJtHb9Q2Pr https://t.co/5CmNT7uVoX	<a href="http://granbluefantasy.jp/" rel="nofollow">グランブルー ファンタジー</a>	-1		ja	http://pbs.twimg.com/profile_images/783583789066784769/EWGNi-v6_normal.jpg	NULL		NULL	NULL	0	NULL
スマホ -rt	807105165689925632	2016-12-09 15:10:41	matsu0_0ki	matsuki♪	620521842	NULL	em_ndsc	162637673	@em_ndsc  はい、自分でもビックリするほどビックリしました(笑) 朝からずっと忙しくてやっとスマホ触れて、楽しいお知らせあっかな?♪ってTwitter開いたら「風間」ってw ソコー！？みたいなw	<a href="http://twicca.r246.jp/" rel="nofollow">twicca</a>	807104505804300288		ja	http://pbs.twimg.com/profile_images/576280486063947776/J6LahHYS_normal.png	NULL		NULL	NULL	0	NULL
スマホ -rt	807105154801537024	2016-12-09 15:10:38	maruko_akasaka	マルルだよ。	451295335	NULL	NULL	-1	【スマホで資格もGETできるんですね！！】　資格GET！⇒https://t.co/QVRcB4IxSs ##follow.jp	<a href="http://twittbot.net/" rel="nofollow">twittbot.net</a>	-1	東京都赤坂付近	ja	http://pbs.twimg.com/profile_images/1725301957/gaikoku_normal.jpg	NULL		NULL	NULL	0	NULL
スマホ -rt	807105152670806016	2016-12-09 15:10:38	tsubasaBs	ツバサ	761413352	NULL	NULL	-1	スマホ置きにもなるサンニッパのフード！一家に1本は欲しいレンズですね！ https://t.co/qaxUTqjsIo	<a href="http://twitter.com/download/android" rel="nofollow">Twitter for Android</a>	-1		ja	http://pbs.twimg.com/profile_images/727064173931188224/AIJPZHaf_normal.jpg	NULL		NULL	NULL	0	NULL
スマホ -rt	807105150313644032	2016-12-09 15:10:37	sukepiku3	sukepiku	713699752597004288	NULL	NULL	-1	仕事で、お疲れ様ですって打とうとするとねおちんちーん！て予測するワイのスマホちんスリル満点??	<a href="https://mobile.twitter.com" rel="nofollow">Mobile Web (M5)</a>	-1		ja	http://pbs.twimg.com/profile_images/754323318774181888/bMvAfkTP_normal.jpg	NULL		NULL	NULL	0	NULL
スマホ -rt	807105145062330368	2016-12-09 15:10:36	clk_bng	宣伝:AdC、メモ:証明写真	2547450755	NULL	NULL	-1	スマホ触りながら入ってきたから「ツイート来るな」って構えてた	<a href="https://about.twitter.com/products/tweetdeck" rel="nofollow">TweetDeck</a>	-1		ja	http://pbs.twimg.com/profile_images/786135722403049472/0KLKYH6W_normal.jpg	NULL		NULL	NULL	0	NULL
スマホ -rt	807105143065821184	2016-12-09 15:10:36	haduki_m68	葉月 らむね	732666102	NULL	NULL	-1	スマホに反射する自分の顔面がブス過ぎて鬱 マスクしてんのに…((?? ?-? )???ｼｭｯｼｭｯｼｭｼｭｼｭｼｭｼｭｯ	<a href="http://twitter.com/download/android" rel="nofollow">Twitter for Android</a>	-1		ja	http://pbs.twimg.com/profile_images/803254341352103945/hmnKmA-u_normal.jpg	NULL		NULL	NULL	0	NULL
スマホ -rt	807105134601773056	2016-12-09 15:10:34	ayananmama	あやなんママ#相互フォロー募集中	132022572	NULL	NULL	-1	楽しそう！ 春を先取りっ！各地の「いちご」がぞくぞくラインアップ予定！スマホの中にあなただけの農園！全国の好きな果物や野菜を育てて本物を手に入れる「わくわく農園」。新規登録で全員に1,000コインプレゼント！⇒https://t.co/PG11ZlEFyT	<a href="http://twitter.com" rel="nofollow">Twitter Web Client</a>	-1		ja	http://pbs.twimg.com/profile_images/563890021837463552/3snSmNSA_normal.jpeg	NULL		NULL	NULL	0	NULL
スマホ -rt	807105128545124352	2016-12-09 15:10:32	m_meros	走れ メロス	2399203825	NULL	NULL	-1	スマホRPGは今これをやってるよ。今のジョブはこれ！　ゲーム内プロフィール→　https://t.co/rJqgiSoBzj https://t.co/c4JENVes4Q	<a href="http://granbluefantasy.jp/" rel="nofollow">グランブルー ファンタジー</a>	-1		ja	http://abs.twimg.com/sticky/default_profile_images/default_profile_4_normal.png	NULL		NULL	NULL	0	NULL
スマホ -rt	807105122681561088	2016-12-09 15:10:31	comudyu	（マルマルマ）こむこ	331571539	NULL	NULL	-1	目覚ましアラームで手にした所までは、確実にスマホはあったのに。あれから一体どこへ‥‥。家電話から鳴らしても聞こえないし。旦那の車の中かな。確認しようにも旦那の携帯番号も分からないので帰宅を待つしかない(￣▽￣)	<a href="http://twitter.com/download/android" rel="nofollow">Twitter for Android</a>	-1	福島県	ja	http://pbs.twimg.com/profile_images/806334085635289088/9Ys_CBt1_normal.jpg	NULL		NULL	NULL	0	NULL
スマホ -rt	807105116050362368	2016-12-09 15:10:29	eisuke1204	えーすけ@ポケモンGO	755051420655636480	NULL	pokemon__A55	757051592092758016	@pokemon__A55 はるさんのスマホ。フォルダ内みてみたいw	<a href="http://twitter.com/download/android" rel="nofollow">Twitter for Android</a>	807104746775420928		ja	http://pbs.twimg.com/profile_images/806491000017272834/FIwPO_EM_normal.jpg	NULL		NULL	NULL	0	NULL
スマホ -rt	807105112980144128	2016-12-09 15:10:28	matsumiki2	まつむらみき	714292664309387265	NULL	NULL	-1	地域⇔福岡県印象⇔ヤリマントプ画⇔トノサマン好きな所⇔ガーターベルト勝負下着⇔ゴールド欲しいもの⇔先輩一緒にしたいこと⇔スマホ見せ合い⇔したい#エロ動画　#アダルト #自撮り #無料LINEはプロフにあるよ★	<a href="http://twittbot.net/" rel="nofollow">twittbot.net</a>	-1		ja	http://pbs.twimg.com/profile_images/714292797310898176/NS82MzGY_normal.jpg	NULL		NULL	NULL	0	NULL
スマホ -rt	807105104520171520	2016-12-09 15:10:26	mosimon_tiara	もしもしモンキーティアラ熊谷店	148291985	NULL	NULL	-1	【ドコモ】　#機種変更　ガラケーから初めてスマホへの機種変更で最大24か月1,520円引き！シェアなら月額1,980円から使える！　0485992255　#熊谷　#docomo　#機種変更　#ガラケー　#はじめてのスマホ	<a href="http://twittbot.net/" rel="nofollow">twittbot.net</a>	-1	埼玉県熊谷市筑波3-202 ティアラ21 2F	ja	http://pbs.twimg.com/profile_images/557409581551190016/l1pz-a0b_normal.png	NULL		NULL	NULL	0	NULL
スマホ -rt	807105096140013568	2016-12-09 15:10:24	hetamomo	桃缶＠完全腐敗	2200451028	NULL	NULL	-1	スマホ新しくなったから描きかけイラストデータ消滅\\(  ?o? )/\\( ?o?  )/つらたん	<a href="http://twitter.com/download/android" rel="nofollow">Twitter for Android</a>	-1		ja	http://pbs.twimg.com/profile_images/778266149402226688/5FFkb6dr_normal.jpg	NULL		NULL	NULL	0	NULL
スマホ -rt	807105094189662208	2016-12-09 15:10:24	osamajiyugaoka	携帯の王様自由が丘0357265757	356940141	NULL	NULL	-1	【#UQ #mobaile】 取り扱いあります！！即日お渡し！！#格安SIM  #格安スマホauスマホお持ちなら月々980円～音声付でも月々1680円～※毎月クレカ払いMNP出来ます！！　#格安 #UQ #SIM	<a href="http://twittbot.net/" rel="nofollow">twittbot.net</a>	-1	東京都目黒区自由が丘	ja	http://pbs.twimg.com/profile_images/1512615704/______normal.jpg	NULL		NULL	NULL	0	NULL
スマホ -rt	807105086480486401	2016-12-09 15:10:22	asuka_takashi	大阪支店　天野	212166627	NULL	NULL	-1	【大阪府豊中市】☆駅から徒歩５分☆定員９０名☆時給１１００円☆0120-777-277ご紹介スマホもガラケも対応してます♪詳細は→https://t.co/S3j8jaybR2 0120-777-277	<a href="http://twittbot.net/" rel="nofollow">twittbot.net</a>	-1		ja	http://pbs.twimg.com/profile_images/1213438542/1592_1____normal.JPG	NULL		NULL	NULL	0	NULL
スマホ -rt	807105084488192000	2016-12-09 15:10:22	tohma0303	デバ目キョロ科	2393870707	NULL	NULL	-1	やはりスマホの寿命	<a href="http://twitter.com/download/android" rel="nofollow">Twitter for Android</a>	-1		ja	http://pbs.twimg.com/profile_images/754317842669899776/3NdGnxzT_normal.jpg	NULL		NULL	NULL	0	NULL
スマホ -rt	807105083477356545	2016-12-09 15:10:21	bz42488298	みゆ	2937158628	NULL	NULL	-1	【たった5分スマホを使っただけでタダ飯！】いまカフェにいます^_^スマホをぽちぽちしただけでタダ飯になりました(^o^)	<a href="http://twittbot.net/" rel="nofollow">twittbot.net</a>	-1		ja	http://pbs.twimg.com/profile_images/707997934214709248/a6BMq7v8_normal.jpg	NULL		NULL	NULL	0	NULL
スマホ -rt	807105079211765760	2016-12-09 15:10:20	stu88432real	廖廷睿	3306932707	NULL	NULL	-1	スマホRPGは今これをやってるよ。今のジョブはこれ！　ゲーム内プロフィール→　https://t.co/JIrPcgQ3CP https://t.co/Rfb7CQLtNd	<a href="http://granbluefantasy.jp/" rel="nofollow">グランブルー ファンタジー</a>	-1		zh-tw	http://pbs.twimg.com/profile_images/628898714241773569/1bBgGUSi_normal.jpg	NULL		NULL	NULL	0	NULL
スマホ -rt	807105078783922176	2016-12-09 15:10:20	okamov6_6v	okamo	719335695043538946	NULL	NULL	-1	スマホRPGは今これをやってるよ。今の推しキャラはこちら！　ゲーム内プロフィール→　https://t.co/WkXeNKG8PS https://t.co/FZhZQTL21t	<a href="http://granbluefantasy.jp/" rel="nofollow">グランブルー ファンタジー</a>	-1		ja	http://abs.twimg.com/sticky/default_profile_images/default_profile_2_normal.png	NULL		NULL	NULL	0	NULL
スマホ -rt	807105076166692864	2016-12-09 15:10:20	KAtyaNeku	さわみん	2325768883	NULL	NULL	-1	スマホRPGは今これをやってるよ。今の推しキャラはこちら！　ゲーム内プロフィール→　https://t.co/mPv6vXiBcX https://t.co/fdebmXBy7S	<a href="http://granbluefantasy.jp/" rel="nofollow">グランブルー ファンタジー</a>	-1	ルーマシー群島	ja	http://pbs.twimg.com/profile_images/781828500420333568/gK_-t71t_normal.jpg	NULL		NULL	NULL	0	NULL
スマホ -rt	807105070500167680	2016-12-09 15:10:18	JO79bs9yrpf7mVO	なはと	4756068612	NULL	NULL	-1	スマホRPGは今これをやってるよ。今のジョブはこれ！　ゲーム内プロフィール→　https://t.co/VnWtC6ghXV https://t.co/fr5rQ5aw6N	<a href="http://granbluefantasy.jp/" rel="nofollow">グランブルー ファンタジー</a>	-1		ja	http://abs.twimg.com/sticky/default_profile_images/default_profile_1_normal.png	NULL		NULL	NULL	0	NULL
スマホ -rt	807105061494980608	2016-12-09 15:10:16	game100100	無料ゲーム	1567789201	NULL	NULL	-1	無料ゲームスマホでゲームhttps://t.co/Qy02fzOecJ  https://t.co/0vUGYwSHha	<a href="http://twittbot.net/" rel="nofollow">twittbot.net</a>	-1	すまほあぷり	ja	http://pbs.twimg.com/profile_images/460436950533414914/J2rrlFtr_normal.jpeg	NULL		NULL	NULL	0	NULL
スマホ -rt	807105058198274052	2016-12-09 15:10:15	tsfbbw	バイス	797327988228440064	NULL	NULL	-1	スマホRPGは今これをやってるよ。今のジョブはこれ！　ゲーム内プロフィール→　https://t.co/oEy6ZQRtaP https://t.co/udBFNt10nC	<a href="http://granbluefantasy.jp/" rel="nofollow">グランブルー ファンタジー</a>	-1		ja	http://abs.twimg.com/sticky/default_profile_images/default_profile_4_normal.png	NULL		NULL	NULL	0	NULL
スマホ -rt	807105055455223808	2016-12-09 15:10:15	GXYZ92	Tada Ituki	748325425596633088	NULL	NULL	-1	今このツイートを見たあなた！なんとなくスマホをいじっているだけのあなた！この時間の中で稼げたらいいなぁーって思いません？稼げるのにもったいないなぁー。詳細知りたければご連絡ください^^LINE ID → 893141510	<a href="http://autotweety.net" rel="nofollow">autotweety.net</a>	-1	LINE ID → 893141510	ja	http://pbs.twimg.com/profile_images/752845803476037632/pldFvhld_normal.jpg	NULL		NULL	NULL	0	NULL
スマホ -rt	807105042146701312	2016-12-09 15:10:11	deathmeiji	ですさん　ライマ鯖	178730429	NULL	NULL	-1	いきなりスマホの域を超えた容量w https://t.co/4J9QdcKW7S	<a href="http://twitter.com/download/iphone" rel="nofollow">Twitter for iPhone</a>	-1	ToS（ライマ）/グラブル（故）/かんぱにの闇団長（故）	ja	http://pbs.twimg.com/profile_images/3587438131/fdd0f61c522657278620472e5a04bd11_normal.jpeg	NULL		NULL	NULL	0	NULL
スマホ -rt	807105039437217793	2016-12-09 15:10:11	Mitsu81038746	Mitsu	3259001048	NULL	NULL	-1	スマホRPGは今これをやってるよ。今の推しキャラはこちら！　ゲーム内プロフィール→　https://t.co/0F6DUkFsBT https://t.co/kESKiJ4KFU	<a href="http://granbluefantasy.jp/" rel="nofollow">グランブルー ファンタジー</a>	-1		ja	http://abs.twimg.com/sticky/default_profile_images/default_profile_2_normal.png	NULL		NULL	NULL	0	NULL
スマホ -rt	807105038535397376	2016-12-09 15:10:11	settyakuzai	./settyakuzai.sh	138012795	NULL	NULL	-1	スマホRPGは今これをやってるよ。今の推しキャラはこちら！　ゲーム内プロフィール→　https://t.co/kNMydiymXM https://t.co/lKnOMHwSlu	<a href="http://granbluefantasy.jp/" rel="nofollow">グランブルー ファンタジー</a>	-1	/tmp/script/sh/	ja	http://pbs.twimg.com/profile_images/378800000807082110/8c11bdb820862b7fb9ac7d84d4285a17_normal.png	NULL		NULL	NULL	0	NULL
スマホ -rt	807105037851705344	2016-12-09 15:10:10	mnpsmart	携帯MNP	3250195686	NULL	NULL	-1	お小遣いがピンチのとき！助っ人います！！　CB最大5万。キャッシュバック MNB 携帯 スマホ SBhttps://t.co/HtoEg2LN8L	<a href="http://autotweety.net" rel="nofollow">autotweety.net</a>	-1		ja	http://pbs.twimg.com/profile_images/612358695528173568/ggNWH4Qg_normal.jpg	NULL		NULL	NULL	0	NULL
スマホ -rt	807105036455002112	2016-12-09 15:10:10	ryoshinhome	リョウシンホーム	330825920	NULL	NULL	-1	お茶でも飲みながら( ^^) _U~~　国分寺でお部屋探しでもしてみようかなって時にご覧になってみてくださいね（スマホ用）　https://t.co/qCiFRVUKp9	<a href="http://autotweety.net" rel="nofollow">autotweety.net</a>	-1	東京 国分寺市	ja	http://pbs.twimg.com/profile_images/478083549166178304/gPRPuTgy_normal.jpeg	NULL		NULL	NULL	0	NULL
スマホ -rt	807105022676779010	2016-12-09 15:10:07	yumima5130	山下太郎	910105400	NULL	NULL	-1	ユーチューブ癒しの動画　　　　https://t.co/ZtcWZIBsXO　　　　　　　 ##スマホ	<a href="http://twittbot.net/" rel="nofollow">twittbot.net</a>	-1		ja	http://pbs.twimg.com/profile_images/2774942334/679f6129dbd52991fdb3ec5b620c3fa0_normal.png	NULL		NULL	NULL	0	NULL
スマホ -rt	807105022261489665	2016-12-09 15:10:07	metallicplayer	めた	206687974	NULL	NULL	-1	【生放送】【スターオーシャン：アナムネシス】スマホでゲーム を開始しました。 https://t.co/2BI7zgmENR #lv284324090	<a href="http://www.nicovideo.jp/" rel="nofollow">niconico ニコレポ連携</a>	-1	大阪府	ja	http://pbs.twimg.com/profile_images/2642606405/b6709cc1a74102eef716dc5117fcb897_normal.jpeg	NULL		NULL	NULL	0	NULL
スマホ -rt	807105014304866304	2016-12-09 15:10:05	gaccount0906	青	781023749315461120	NULL	NULL	-1	スマホRPGは今これをやってるよ。今の推しキャラはこちら！　ゲーム内プロフィール→　https://t.co/ONLevptqjl https://t.co/PyAaYw7UeS	<a href="http://granbluefantasy.jp/" rel="nofollow">グランブルー ファンタジー</a>	-1		ja	http://pbs.twimg.com/profile_images/781024109484511232/urlm08hQ_normal.jpg	NULL		NULL	NULL	0	NULL
スマホ -rt	807105012337758208	2016-12-09 15:10:04	free_iwatoshi	フリーダム岩融	706397140256366592	NULL	NULL	-1	ふむ、楽しめそうだなぁ！（スマホ版ＤＬしながら）	<a href="http://twittbot.net/" rel="nofollow">twittbot.net</a>	-1		en	http://pbs.twimg.com/profile_images/745294603268415489/OZIyVyQm_normal.jpg	NULL		NULL	NULL	0	NULL
スマホ -rt	807105009972224001	2016-12-09 15:10:04	ODAmobile	ODAモバイル＠携帯買取専門店	2152170132	NULL	NULL	-1	ソニー/Xperia Z4 SO-03G 高価買取強化中 携帯買取　スマホ携帯買取　中古白ロム携帯買取なら携帯買取専門店ＯＤＡモバイル大阪市日本橋駅前店/天王寺駅前店/天神橋店 東京・名古屋・福岡 大阪　神戸　和歌山　京都　奈良　日本橋　なんば　天王寺　梅田	<a href="http://autotweety.net" rel="nofollow">autotweety.net</a>	-1	大阪市中央区日本橋 天王寺 天神橋	ja	http://pbs.twimg.com/profile_images/500204365504729090/cgTwZors_normal.jpeg	NULL		NULL	NULL	0	NULL
スマホ -rt	807104998521720832	2016-12-09 15:10:01	shinking_flower	芯の王者	599128104	NULL	NULL	-1	スマホRPGは今これをやってるよ。今のジョブはこれ！　ゲーム内プロフィール→　https://t.co/2p98CgPIw0 https://t.co/EDoBD57xAM	<a href="http://granbluefantasy.jp/" rel="nofollow">グランブルー ファンタジー</a>	-1	ファータ・グランデ空域	ja	http://pbs.twimg.com/profile_images/2290309055/icon57844547241278802371___normal.JPG	NULL		NULL	NULL	0	NULL
スマホ -rt	807104993434046465	2016-12-09 15:10:00	AsunaRevi	平賀名P	2895398774	NULL	NULL	-1	帰ってくるなり私にスマホの自慢される妹氏、哀れ	<a href="http://twitter.com/download/android" rel="nofollow">Twitter for Android</a>	-1	どこか	ja	http://pbs.twimg.com/profile_images/790174395582914560/lKPEl9hC_normal.jpg	NULL		NULL	NULL	0	NULL
スマホ -rt	807104989952774144	2016-12-09 15:09:59	palacetaro	ハル	2556486717	NULL	NULL	-1	スマホRPGは今これをやってるよ。今のジョブはこれ！　ゲーム内プロフィール→　https://t.co/2GgvvsinfC https://t.co/jHzI1gR4r8	<a href="http://granbluefantasy.jp/" rel="nofollow">グランブルー ファンタジー</a>	-1		ja	http://pbs.twimg.com/profile_images/469086689021788160/cqiO_ekS_normal.jpeg	NULL		NULL	NULL	0	NULL
スマホ -rt	807104985691324417	2016-12-09 15:09:58	Rmita_tro	ｒみた	759604830599991302	NULL	NULL	-1	スマホじゃ無理だ	<a href="https://mobile.twitter.com" rel="nofollow">Mobile Web (M5)</a>	-1	島根 出雲市	ja	http://pbs.twimg.com/profile_images/761192823475441664/IEJCzY5n_normal.jpg	NULL		NULL	NULL	0	NULL
スマホ -rt	807104983174823936	2016-12-09 15:09:57	guraburujobnow	グラブル今の職はこれbotマン	706560569021566976	NULL	NULL	-1	スマホRPGは今これをやってるよ。今の推しキャラはこちら！　ゲーム内プロフィール→　https://t.co/IuLK2nuTiw https://t.co/zbsx1nIMDR	<a href="http://granbluefantasy.jp/" rel="nofollow">グランブルー ファンタジー</a>	-1		ja	http://pbs.twimg.com/profile_images/706561087508877312/6n-g1Rzz_normal.jpg	NULL		NULL	NULL	0	NULL
スマホ -rt	807104975528546304	2016-12-09 15:09:56	binbin_majin	?フリ素?	1702589114	NULL	himajim3	2915993215	@himajim3 すーぐスマホのせいにする	<a href="https://about.twitter.com/products/tweetdeck" rel="nofollow">TweetDeck</a>	807104898084970496	三次元の土	ja	http://pbs.twimg.com/profile_images/736221484595564544/a-NHr9Tk_normal.jpg	NULL		NULL	NULL	0	NULL
スマホ -rt	807104971258765312	2016-12-09 15:09:55	subsura_	スラ	1565845740	NULL	NULL	-1	スマホRPGは今これをやってるよ。今の推しキャラはこちら！　ゲーム内プロフィール→　https://t.co/RDauEORNyB https://t.co/ma7ovx5EvL	<a href="http://granbluefantasy.jp/" rel="nofollow">グランブルー ファンタジー</a>	-1	布団の中	ja	http://pbs.twimg.com/profile_images/481789443288752129/8nPxtAwy_normal.jpeg	NULL		NULL	NULL	0	NULL
スマホ -rt	807104963188883456	2016-12-09 15:09:53	EdveeTsurughi	パラサイト・ヅキル	1344639721	NULL	NULL	-1	スマホRPGは今これをやってるよ。今のジョブはこれ！　ゲーム内プロフィール→　https://t.co/WCQa9JpgVB https://t.co/M81MECpi2P	<a href="http://granbluefantasy.jp/" rel="nofollow">グランブルー ファンタジー</a>	-1		ja	http://pbs.twimg.com/profile_images/378800000832887698/90785dd87c9029816395be800bdb4af0_normal.jpeg	NULL		NULL	NULL	0	NULL
スマホ -rt	807104955253301248	2016-12-09 15:09:51	gri_girl	ぴーきゃのん	771169938	NULL	NULL	-1	スマホRPGは今これをやってるよ。今の推しキャラはこちら！　ゲーム内プロフィール→　https://t.co/OPLwKbPX2g https://t.co/LWxvuk7xov	<a href="http://granbluefantasy.jp/" rel="nofollow">グランブルー ファンタジー</a>	-1		ja	http://pbs.twimg.com/profile_images/420158689316569088/o8EROGEQ_normal.jpeg	NULL		NULL	NULL	0	NULL
スマホ -rt	807104949674917888	2016-12-09 15:09:49	HoooooiHo	はしとも	2812615340	NULL	NULL	-1	スマホRPGは今これをやってるよ。今のジョブはこれ！　ゲーム内プロフィール→　https://t.co/mcrx9li9n2 https://t.co/lNWGnYgzJg	<a href="http://granbluefantasy.jp/" rel="nofollow">グランブルー ファンタジー</a>	-1		ja	http://pbs.twimg.com/profile_images/791127292454006784/jMItJFK4_normal.jpg	NULL		NULL	NULL	0	NULL
スマホ -rt	807104945656762368	2016-12-09 15:09:48	1470_dmw	ぽぽい	3050930150	NULL	NULL	-1	スマホRPGは今これをやってるよ。今の推しキャラはこちら！　ゲーム内プロフィール→　https://t.co/dwj5P5JJfL https://t.co/Unc7dWJ8Tg	<a href="http://granbluefantasy.jp/" rel="nofollow">グランブルー ファンタジー</a>	-1		ja	http://abs.twimg.com/sticky/default_profile_images/default_profile_2_normal.png	NULL		NULL	NULL	0	NULL
スマホ -rt	807104942934618112	2016-12-09 15:09:48	teluruutunomiya	テルルパークアピタ宇都宮店	2375440812	NULL	NULL	-1	【auひかり好評受付中】 au乗り換え検討のお客様は断然auひかりがおトク！お乗換えと同時にお申込頂くとスマホから月々最大3044円の割引他社インターネットの解除料金還元サポートあり！　当店で簡単にお申込いただけます！https://t.co/zinYIDPgW5	<a href="https://about.twitter.com/products/tweetdeck" rel="nofollow">TweetDeck</a>	-1	栃木県宇都宮市江曽島本町22-7	ja	http://pbs.twimg.com/profile_images/444272913202434048/MOnz4I4T_normal.png	NULL		NULL	NULL	0	NULL
スマホ -rt	807104942225797120	2016-12-09 15:09:48	KBNpofMs02CUzyy	ムウマリ	3499572972	NULL	NULL	-1	スマホRPGは今これをやってるよ。今の推しキャラはこちら！　ゲーム内プロフィール→　https://t.co/bvzqY2PYAU https://t.co/BTIHGrWbdm	<a href="http://granbluefantasy.jp/" rel="nofollow">グランブルー ファンタジー</a>	-1		ja	http://abs.twimg.com/sticky/default_profile_images/default_profile_0_normal.png	NULL		NULL	NULL	0	NULL
スマホ -rt	807104930855067648	2016-12-09 15:09:45	Hoadq0iH	野菜のジャグラー@攻略法	4443408260	NULL	NULL	-1	いい台見つけたと思ったら下皿にスマホ…僕のワクワク感を返して下さい！ #ジャグラー	<a href="http://twittbot.net/" rel="nofollow">twittbot.net</a>	-1	↓長期的に安定して月5万円勝つ方法↓	ja	http://pbs.twimg.com/profile_images/787721183227555841/a9heSe7Z_normal.jpg	NULL		NULL	NULL	0	NULL
スマホ -rt	807104920990027776	2016-12-09 15:09:43	tatsu_hk	たつろー	2555935975	NULL	NULL	-1	スマホRPGは今これをやってるよ。今の推しキャラはこちら！　ゲーム内プロフィール→　https://t.co/n6mpsu5GMC https://t.co/UqzFcwBwyu	<a href="http://granbluefantasy.jp/" rel="nofollow">グランブルー ファンタジー</a>	-1		ja	http://pbs.twimg.com/profile_images/507575013168259072/qbVxVatQ_normal.jpeg	NULL		NULL	NULL	0	NULL
スマホ -rt	807104914887307264	2016-12-09 15:09:41	nabe9601	アイマス鷲	2905261105	NULL	NULL	-1	スマホRPGは今これをやってるよ。今の推しキャラはこちら！　ゲーム内プロフィール→　https://t.co/3LU0HSvW33 https://t.co/OXbqQ9WXRZ	<a href="http://granbluefantasy.jp/" rel="nofollow">グランブルー ファンタジー</a>	-1		ja	http://pbs.twimg.com/profile_images/601200136648142848/A0Wezwhl_normal.jpg	NULL		NULL	NULL	0	NULL
スマホ -rt	807104914153291776	2016-12-09 15:09:41	ker0_nic0	けろけろー	1702000176	NULL	NULL	-1	スマホRPGは今これをやってるよ。今の推しキャラはこちら！　ゲーム内プロフィール→　https://t.co/QOatG5Ya7w https://t.co/9FD7T62drY	<a href="http://granbluefantasy.jp/" rel="nofollow">グランブルー ファンタジー</a>	-1		ja	http://pbs.twimg.com/profile_images/501250494736515072/_8xGPbwu_normal.jpeg	NULL		NULL	NULL	0	NULL
スマホ -rt	807104901775929344	2016-12-09 15:09:38	ff7cloud123321	ff7cloud	2910396852	NULL	NULL	-1	-3- スマホRPGは今これをやってるよ。今のジョブはこれ！　ゲーム内プロフィール→　https://t.co/IEX0OrkXhE https://t.co/2YDCYYoqLt	<a href="http://granbluefantasy.jp/" rel="nofollow">グランブルー ファンタジー</a>	-1		ja	http://abs.twimg.com/sticky/default_profile_images/default_profile_6_normal.png	NULL		NULL	NULL	0	NULL
スマホ -rt	807104899615887360	2016-12-09 15:09:38	tcg0430	ちてん	3117068615	NULL	igomayu	1667755170	@igomayu アミュレットが弾ける前にスマホが弾けそうですね	<a href="http://twitter.com/download/android" rel="nofollow">Twitter for Android</a>	807104388309188608	竜星のあらし  福岡YP(北九州)	ja	http://pbs.twimg.com/profile_images/802911461928407040/pfzZfA4N_normal.jpg	NULL		NULL	NULL	0	NULL
スマホ -rt	807104898084970496	2016-12-09 15:09:37	himajim3	とも	2915993215	NULL	binbin_majin	1702589114	@binbin_majin 言い訳するとスマホがおかしかった	<a href="http://twitter.com" rel="nofollow">Twitter Web Client</a>	807104736079904768		ja	http://pbs.twimg.com/profile_images/775755851252367360/VQDFi2Zf_normal.jpg	NULL		NULL	NULL	0	NULL
スマホ -rt	807104895681560578	2016-12-09 15:09:37	makahu4gitakahi	摩訶不思議たかひろ	303434971	NULL	NULL	-1	なかなかのAndroidアプリだ！！『無料デコメはスマホで使えるんです★すべて無料【スマホデコメ】 』⇒⇒https://t.co/5DAya5wD2b	<a href="http://twittbot.net/" rel="nofollow">twittbot.net</a>	-1	広島	ja	http://pbs.twimg.com/profile_images/1367772891/tumblr_llkcnlPidB1qg2gzpo1_500_large_normal.jpg	NULL		NULL	NULL	0	NULL
スマホ -rt	807104894066769920	2016-12-09 15:09:36	Nshiking	Nshiking	130812568	NULL	NULL	-1	スマホRPGは今これをやってるよ。今の推しキャラはこちら！　ゲーム内プロフィール→　https://t.co/dG7KhxuhSJ https://t.co/O6Rd7Sx47F	<a href="http://granbluefantasy.jp/" rel="nofollow">グランブルー ファンタジー</a>	-1	千葉県	ja	http://pbs.twimg.com/profile_images/3360489822/818d93d0a7f0598c1088f891afbc8c66_normal.png	NULL		NULL	NULL	0	NULL
スマホ -rt	807104885804019712	2016-12-09 15:09:34	MochiHn	みぃ@創作本格始動	3016007006	NULL	NULL	-1	昨日スキャンしたデータの拡張子をスマホ非対応で保存した馬鹿はどこのどいつだーい？	<a href="http://twitter.com/download/android" rel="nofollow">Twitter for Android</a>	-1		ja	http://pbs.twimg.com/profile_images/788257564014227456/Tcy_oq5O_normal.jpg	NULL		NULL	NULL	0	NULL
スマホ -rt	807104884793167872	2016-12-09 15:09:34	mamenitounyu	ちょうせい豆乳くん	462908305	NULL	tmorooka222	1649077350	@tmorooka222 @amekaze2010 最近のスマホはそんな便利な機能があるのかぁ(´･Д･)」	<a href="http://twitter.com/download/iphone" rel="nofollow">Twitter for iPhone</a>	806763270019256320	秋葉原	ja	http://pbs.twimg.com/profile_images/715895320639463424/kEYf4RDk_normal.jpg	NULL		NULL	NULL	0	NULL
スマホ -rt	807104884625416192	2016-12-09 15:09:34	lHFu7SGUDxwFkAi	サチ	4727918112	NULL	NULL	-1	スマホRPGは今これをやってるよ。今の推しキャラはこちら！　ゲーム内プロフィール→　https://t.co/tjzrwWfLmr https://t.co/U79m3kUZ9W	<a href="http://granbluefantasy.jp/" rel="nofollow">グランブルー ファンタジー</a>	-1		ja	http://pbs.twimg.com/profile_images/803594919096946690/Xp975QaC_normal.jpg	NULL		NULL	NULL	0	NULL
スマホ -rt	807104882758955009	2016-12-09 15:09:33	taisitu_kaizen	究極のドS体質改善で女子UP	1577302003	NULL	NULL	-1	【首を曲げてスマホ見ていませんか？】職場、学校、電車、カフェなど椅子に座っている時にスマホ見てながら首を曲げっぱなしにしていないかしら？してると首にシワができてしまうわ…そして、首のシワは取れにくい…むしろ取れないので気をつけて！	<a href="http://twittbot.net/" rel="nofollow">twittbot.net</a>	-1		ja	http://pbs.twimg.com/profile_images/378800000104231285/0c220e7ed2076da73c8fa1667fc05c03_normal.jpeg	NULL		NULL	NULL	0	NULL
スマホ -rt	807104876882690048	2016-12-09 15:09:32	ipad_go	ipad_go iPadアプリ無料	287888152	NULL	NULL	-1	【No.3】もはや説明不要のスカイプアプリ。他社スマホでもSkypeユーザー同士なら通話料無料！絶対ダウンロードしておくアプリです。「Skype」|iPadおすすめアプリ無料 https://t.co/zVbbX0roVN #iPadjp	<a href="http://twittbot.net/" rel="nofollow">twittbot.net</a>	-1		ja	http://pbs.twimg.com/profile_images/1328120208/tablet-100127-19_normal.png	NULL		NULL	NULL	0	NULL
スマホ -rt	807104869723082754	2016-12-09 15:09:30	pkcl_umon	いつい	2954683518	NULL	NULL	-1	スマホ片手に握りしめて歩いてたら誤操作しまくってました……すみません……	<a href="http://twitter.com/download/android" rel="nofollow">Twitter for Android</a>	-1		ja	http://pbs.twimg.com/profile_images/688244646850347009/j9-Pj5c5_normal.png	NULL		NULL	NULL	0	NULL
スマホ -rt	807104854116044800	2016-12-09 15:09:27	lketec	LKETEC	730315781704048640	NULL	NULL	-1	【スマホ】吐く息が白くなり、温かい鍋が恋しい季節となりました今日は家でゆっくり？それとも外出？楽しいパズルゲームで自分の時間をもっと楽しみましょう！DLはこちら⇒https://t.co/FX1asYkv71 https://t.co/fIK3u2aCkS	<a href="http://twitter.com" rel="nofollow">Twitter Web Client</a>	-1		ja	http://pbs.twimg.com/profile_images/748930617278992384/NkNOPX4o_normal.jpg	NULL		NULL	NULL	0	NULL
スマホ -rt	807104850445991936	2016-12-09 15:09:26	nyaromeron	ニャロメロン@ベルリンは鐘 連載中	18550162	NULL	NULL	-1	よく考えたらほとんどの人がPCじゃなくてスマホだしイラストや漫画とかの個人ページ作るときもスマホ向けのページ作ったほうがいいのか。	<a href="http://twitter.com" rel="nofollow">Twitter Web Client</a>	-1	世界のkitchinから	ja	http://pbs.twimg.com/profile_images/2145313053/newmeron_normal.gif	NULL		NULL	NULL	0	NULL
スマホ -rt	807104848097218560	2016-12-09 15:09:25	Lui_Nerva	瑠巳@鬼音乃兎	247752531	NULL	NULL	-1	スマホRPGは今これをやってるよ。今の推しキャラはこちら！　ゲーム内プロフィール→　https://t.co/PAw3lD6Z1f https://t.co/5iLvc6lUlc	<a href="http://granbluefantasy.jp/" rel="nofollow">グランブルー ファンタジー</a>	-1	Snafu Guilty Mortal	ja	http://pbs.twimg.com/profile_images/417403197557190657/grYzRMfG_normal.jpeg	NULL		NULL	NULL	0	NULL
スマホ -rt	807104843588386816	2016-12-09 15:09:24	oimotyan5858	おいもちゃん。	321355413	NULL	NULL	-1	【コレで安心スマホでパチスロ攻略★】　パチ＆スロ攻略ナビ⇒https://t.co/QmdRM7d3x4	<a href="http://twittbot.net/" rel="nofollow">twittbot.net</a>	-1	東京	ja	http://pbs.twimg.com/profile_images/1406168956/tumblr_lmcf4hKjm11qgvtu3o1_500_large_normal.jpg	NULL		NULL	NULL	0	NULL
スマホ -rt	807104840002220032	2016-12-09 15:09:23	hotpot16257882	Hot	4656217153	NULL	NULL	-1	スマホRPGは今これをやってるよ。今のジョブはこれ！　ゲーム内プロフィール→　https://t.co/ONduQ1ZACs https://t.co/e3ERVRtFco	<a href="http://granbluefantasy.jp/" rel="nofollow">グランブルー ファンタジー</a>	-1		ja	http://abs.twimg.com/sticky/default_profile_images/default_profile_0_normal.png	NULL		NULL	NULL	0	NULL
スマホ -rt	807104839754747904	2016-12-09 15:09:23	takasi8esu	たかし＠東京八重洲愚痴	320990121	NULL	NULL	-1	【スマホでFXをはじめました！！】　FXビギナーズ⇒https://t.co/W7AHSE4mLt	<a href="http://twittbot.net/" rel="nofollow">twittbot.net</a>	-1	東京	ja	http://pbs.twimg.com/profile_images/1405178894/boy-cock-ears-hat-helmet-mouse-Favim.com-60194_large_normal.jpg	NULL		NULL	NULL	0	NULL
スマホ -rt	807104834079899648	2016-12-09 15:09:22	025x3104	結璃@ピカサトプチアンソロ主催	4057751065	NULL	NULL	-1	今日はサークルの忘年会だから講義終わりにマクドでスマホ充電してから時間潰しにゲーセン行ってみるじぇい！	<a href="http://twitter.com/download/iphone" rel="nofollow">Twitter for iPhone</a>	-1	中国地方	ja	http://pbs.twimg.com/profile_images/803218257553408002/7AqN5BEs_normal.jpg	NULL		NULL	NULL	0	NULL
スマホ -rt	807104829306781697	2016-12-09 15:09:21	shrimp_boss	エビボス	2260062380	NULL	NULL	-1	スマホRPGは今これをやってるよ。今の推しキャラはこちら！　ゲーム内プロフィール→　https://t.co/pAvx9zJoh0 https://t.co/F7h0Tou6ab	<a href="http://granbluefantasy.jp/" rel="nofollow">グランブルー ファンタジー</a>	-1	台灣	zh-tw	http://pbs.twimg.com/profile_images/415873742925856768/22hKgdy9_normal.jpeg	NULL		NULL	NULL	0	NULL
スマホ -rt	807104819534041089	2016-12-09 15:09:18	se1a803	せ→あ	3316637382	NULL	NULL	-1	アケフェス混んでるけどラブライバーじゃないから、なんでスマホでできるゲームをわざわざ外出してお金払ってまでやるの？って思ってる	<a href="http://sagaplanets.product.co.jp/" rel="nofollow">いつも心に桐谷華</a>	-1	お空の上	ja	http://pbs.twimg.com/profile_images/806073286794711040/A5UBkAJt_normal.jpg	NULL		NULL	NULL	0	NULL
スマホ -rt	807104809769713664	2016-12-09 15:09:16	CureUFO	UFO	322684512	NULL	NULL	-1	スマホRPGは今これをやってるよ。今の推しキャラはこちら！　ゲーム内プロフィール→　https://t.co/AIQg5ZZenA https://t.co/FhLbiQ5BPz	<a href="http://granbluefantasy.jp/" rel="nofollow">グランブルー ファンタジー</a>	-1	福岡県 久留米市	ja	http://pbs.twimg.com/profile_images/673205016321122305/1PAliTvR_normal.jpg	NULL		NULL	NULL	0	NULL
スマホ -rt	807104803750825984	2016-12-09 15:09:15	roadist	road	125955823	NULL	NULL	-1	スマホRPGは今これをやってるよ。今のジョブはこれ！　ゲーム内プロフィール→　https://t.co/RqiH4F2Lny https://t.co/MmOHPRgVEC	<a href="http://granbluefantasy.jp/" rel="nofollow">グランブルー ファンタジー</a>	-1		zh-tw	http://abs.twimg.com/sticky/default_profile_images/default_profile_0_normal.png	NULL		NULL	NULL	0	NULL
スマホ -rt	807104801741815808	2016-12-09 15:09:14	soba_meni	やきそば	4509562873	NULL	NULL	-1	スマホRPGは今これをやってるよ。今のジョブはこれ！　ゲーム内プロフィール→　https://t.co/nBy2GrEWB0 https://t.co/Ed5hSHmB5D	<a href="http://granbluefantasy.jp/" rel="nofollow">グランブルー ファンタジー</a>	-1	奈良 近畿地方	ja	http://pbs.twimg.com/profile_images/756322950781935618/lx13h3y1_normal.jpg	NULL		NULL	NULL	0	NULL
スマホ -rt	807104779000254464	2016-12-09 15:09:09	akbyk4849	かっちゃん ( かつやまこうた )	4701068113	NULL	NULL	-1	おばぁちゃんのスマホでも投票。 https://t.co/p5pw1i7ZOA	<a href="http://twitter.com/download/android" rel="nofollow">Twitter for Android</a>	-1		ja	http://pbs.twimg.com/profile_images/799264893866127360/hMrByOr3_normal.jpg	NULL		NULL	NULL	0	NULL
スマホ -rt	807104778597580800	2016-12-09 15:09:09	news_mynavi	News マイナビ	1255010522	NULL	NULL	-1	[マイナビニュース] スマホに装着すると肌水分測定器になるセンサーを配布 - カネボウ化粧品 https://t.co/x0drn5cmgQ	<a href="https://dev.twitter.com/" rel="nofollow">news_mynavi</a>	-1		ja	http://pbs.twimg.com/profile_images/3358988902/270936fe671c7dbaf586d3510a08e6f7_normal.png	NULL		NULL	NULL	0	NULL
スマホ -rt	807104774952742912	2016-12-09 15:09:08	beihann2525	米飯(べいはん)@裏垢の民	214077798	NULL	NULL	-1	ワイもしかしなくてもスマホのほうがいい感じに塗れる？？？？まじ？？？？？	<a href="http://twitter.com/download/iphone" rel="nofollow">Twitter for iPhone</a>	-1	笑顔動画内	ja	http://pbs.twimg.com/profile_images/798394521616781312/dt1GBso8_normal.jpg	NULL		NULL	NULL	0	NULL
スマホ -rt	807104772423569408	2016-12-09 15:09:07	mikitya558546	みきちゃん	324372627	NULL	NULL	-1	【スマホで占いに挑戦！！】　占いNAVI⇒https://t.co/UFPzrkjYbC	<a href="http://twittbot.net/" rel="nofollow">twittbot.net</a>	-1	東京	ja	http://pbs.twimg.com/profile_images/1413993426/DSCI0326_large_normal.JPG	NULL		NULL	NULL	0	NULL
スマホ -rt	807104765104652288	2016-12-09 15:09:05	sutekijyouhou	えッ-なになにステキ情報	2390291167	NULL	NULL	-1	スマホ大好きにはもってこい！今なら間に合う12月末限定！これを見逃すのは実にもったいない！誰にでも出来る、新情報おこづかい稼ぎはこちら↓↓https://t.co/vJNvH9bSJUもしくはLINE登録を！#Div… https://t.co/t4aZVADjCe	<a href="https://statusbrew.com" rel="nofollow">Statusbrew</a>	-1	福岡県	ja	http://pbs.twimg.com/profile_images/556123313471094785/eOO9q78b_normal.jpeg	NULL		NULL	NULL	0	NULL
スマホ -rt	807104758427238401	2016-12-09 15:09:04	min_ji_ro	みんぢろ	89145406	NULL	NULL	-1	スマホで読むために店頭まで支払いに行くって発想が斬新 https://t.co/pcAL2iK7gN	<a href="http://twitter.com/download/iphone" rel="nofollow">Twitter for iPhone</a>	-1	日本	ja	http://pbs.twimg.com/profile_images/1239659630/15028baaccf98d82bcd729a004fc196301_normal.jpg	NULL		NULL	NULL	0	NULL
スマホ -rt	807104758104211456	2016-12-09 15:09:04	hukaie2014	深家彩乃	2680746949	NULL	NULL	-1	スマホがメール受け取りすぎて電池がなくなってきたわ	<a href="http://twitter.com/download/android" rel="nofollow">Twitter for Android</a>	-1	地球の日本／地雷踏んでたらすみません(-_-;)	ja	http://pbs.twimg.com/profile_images/724138058027671552/tYK_aNJo_normal.jpg	NULL		NULL	NULL	0	NULL
スマホ -rt	807104753511452672	2016-12-09 15:09:03	quartette_4	カルテット※	1259370236	NULL	NULL	-1	続報やめwｽﾏﾎに踊らされてるのがバレ)ry【遊炬】	<a href="http://twittbot.net/" rel="nofollow">twittbot.net</a>	-1		ja	http://abs.twimg.com/sticky/default_profile_images/default_profile_5_normal.png	NULL		NULL	NULL	0	NULL
スマホ -rt	807104727821361152	2016-12-09 15:08:57	tataqazysed	秘密の雷 面白天国	2434379815	NULL	NULL	-1	だから！「スマホ」じゃなくて「スマフォ」だろ？！ 『スマフォ』はスマートフォンの略、『スマホ』は「すまないホモ以外は帰ってくれないか」の略だって何度言えば……	<a href="http://twittbot.net/" rel="nofollow">twittbot.net</a>	-1	東京都 中央区	ja	http://pbs.twimg.com/profile_images/688548786197549056/NTgLeO1j_normal.jpg	NULL		NULL	NULL	0	NULL
スマホ -rt	807104717998280704	2016-12-09 15:08:54	likelivemusic	とも(・Д・)@12/11サンバイザー	157589153	NULL	NULL	-1	スマホを持ったタイミングで、楽天トラベル(一部)のサイトが使えなくなったりしてきて…( ´△｀)あのタイミングで買ってよかったと思う今日このごろ	<a href="http://yubitter.com/" rel="nofollow">yubitter</a>	-1	夏は蒸し暑く、冬はゲキ寒い	ja	http://pbs.twimg.com/profile_images/519992864902627328/NjlBWnWC_normal.jpeg	NULL		NULL	NULL	0	NULL
スマホ -rt	807104717658558464	2016-12-09 15:08:54	VeNeLiCa	ヴェネル	99345107	NULL	NULL	-1	ゲーセンのしょっぺぇスマホVRゴーグル取れちまった	<a href="http://www.movatwi.jp" rel="nofollow">モバツイ / www.movatwi.jp .</a>	-1	ないんだな、それが	ja	http://pbs.twimg.com/profile_images/430675760974548992/uoEXlpG4_normal.png	NULL		NULL	NULL	0	NULL
スマホ -rt	807104707646763008	2016-12-09 15:08:52	nikkei_top	日経 Top	1246118641	NULL	NULL	-1	[日本経済新聞] スマホ版「マリオ」、スマホユーザーの5人に1人が「遊びたい」 https://t.co/Va5hdg6lB0	<a href="https://dev.twitter.com/" rel="nofollow">nikkei_top</a>	-1		ja	http://pbs.twimg.com/profile_images/3346118842/5e25f6c9f92e19aa002063c81e2875c8_normal.png	NULL		NULL	NULL	0	NULL
スマホ -rt	807104706334040064	2016-12-09 15:08:51	magicalatte	, and please ignore	2903096012	NULL	NULL	-1	スマホ用肌センサーを無償配布、カネボウが1月よりキャンペーン開始。専用アプリで肌のうるおい度をチェック https://t.co/wFt9QguoRT #スマートフォン	<a href="http://ifttt.com" rel="nofollow">IFTTT</a>	-1		ja	http://pbs.twimg.com/profile_images/775019736270639104/ZoHJ5pc4_normal.jpg	NULL		NULL	NULL	0	NULL
スマホ -rt	807104698045984768	2016-12-09 15:08:49	YM_befuekimae	ワイモバイル べふ駅前	2599487635	NULL	NULL	-1	#ソフトバンク #光　で月々の料金を安くスマホを持とう!!安くもっと快適にネットを家族みんなで楽しもう♪	<a href="http://twirobo.com/" rel="nofollow">twiroboJP</a>	-1	兵庫県加古川市別府町朝日町11-7	ja	http://pbs.twimg.com/profile_images/495785784058712064/NdFpdCiJ_normal.jpeg	NULL		NULL	NULL	0	NULL
スマホ -rt	807104678076944384	2016-12-09 15:08:45	job_hunt_navi	就活に役立つ情報	758131951664443392	NULL	NULL	-1	歩きスマホして会社の近くを移動するな。	<a href="http://twitter.com/good_job_seeker" rel="nofollow">就活生よ大志を抱け</a>	-1	東京都	ja	http://pbs.twimg.com/profile_images/760045082779148289/r-39BfQJ_normal.jpg	NULL		NULL	NULL	0	NULL
スマホ -rt	807104664801918976	2016-12-09 15:08:42	tomoridietsiyo1	綺麗に続けられるダイエット	4741931395	NULL	NULL	-1	PCやスマホの画面をずっと見て、ダイエットの知識が増えてもやせません。行動してこそ、やせるのです。明日のためにゆっくり寝ましょう。おやすみなさい！	<a href="http://twittbot.net/" rel="nofollow">twittbot.net</a>	-1		ja	http://pbs.twimg.com/profile_images/707078035787264000/Of1XZQZC_normal.jpg	NULL		NULL	NULL	0	NULL
スマホ -rt	807104656870502400	2016-12-09 15:08:40	meigenetc_2	名言とか。	4721303096	NULL	NULL	-1	アンケートに答えるだけで月収30万とかヤバい！⇒https://t.co/KvUFxIO2bjスマホでできちゃうから楽すぎｗ一日5分でいいし、これなら続けられそう?https://t.co/2aBtLunqqM	<a href="http://twittbot.net/" rel="nofollow">twittbot.net</a>	-1		ja	http://pbs.twimg.com/profile_images/684923534150246400/PBGFfkly_normal.jpg	NULL		NULL	NULL	0	NULL
スマホ -rt	807104653410172928	2016-12-09 15:08:39	dorabecp_bot	ドラベースコピペbot	1473403009	NULL	NULL	-1	ひろし：クロが家にスマホを忘れていった。本当にうっかりしてるやつだなと思いつつクロに電話をかけた。反対の手の中で着信音が鳴った。俺は本当にクロの家族なのだと痛感した。以上。	<a href="http://twittbot.net/" rel="nofollow">twittbot.net</a>	-1	コピペネタ募集中	ja	http://pbs.twimg.com/profile_images/548134354535186434/dYQNQJn4_normal.png	NULL		NULL	NULL	0	NULL
スマホ -rt	807104648154755073	2016-12-09 15:08:38	manbow1731	うまし	311039077	NULL	NULL	-1	スマホRPGは今これをやってるよ。今の推しキャラはこちら！　ゲーム内プロフィール→　https://t.co/LigJcWdzd8 https://t.co/kD8a4z58PD	<a href="http://granbluefantasy.jp/" rel="nofollow">グランブルー ファンタジー</a>	-1		ja	http://abs.twimg.com/sticky/default_profile_images/default_profile_6_normal.png	NULL		NULL	NULL	0	NULL
スマホ -rt	807104643197042688	2016-12-09 15:08:36	kaiten_keima	オトエフミ人間@無料BGM＆偽映画監督	3244376407	NULL	NULL	-1	スマホ向けに最適化したいものです→ 【WordPress】PV率アップ！画面下部に固定フッターメニューを表示しよう！ https://t.co/6lDoE8mEA7	<a href="http://twittbot.net/" rel="nofollow">twittbot.net</a>	-1	地面の上	ja	http://pbs.twimg.com/profile_images/753983765362319360/2HVQyYse_normal.jpg	NULL		NULL	NULL	0	NULL
スマホ -rt	807104641171193856	2016-12-09 15:08:36	gbf_twiaka	グラブルツイ垢	731717883630260224	NULL	NULL	-1	スマホRPGは今これをやってるよ。今のジョブはこれ！　ゲーム内プロフィール→　https://t.co/U5epDPWthR https://t.co/qvUng68fTc	<a href="http://granbluefantasy.jp/" rel="nofollow">グランブルー ファンタジー</a>	-1		en	http://abs.twimg.com/sticky/default_profile_images/default_profile_5_normal.png	NULL		NULL	NULL	0	NULL
スマホ -rt	807104634334507008	2016-12-09 15:08:34	smacola	スマコラ！	557695253	NULL	NULL	-1	長澤まさみ エロ画像 アイコラ ヌード 全裸 グラビア 水着 part9 https://t.co/CqCarOgCpe - スマコラ！スマホ用無料エロ画像・アイコラまとめ #アイコラ #エロ画像 #ヌード #全裸 #水着 #グラビア	<a href="http://twittbot.net/" rel="nofollow">twittbot.net</a>	-1		ja	http://abs.twimg.com/sticky/default_profile_images/default_profile_3_normal.png	NULL		NULL	NULL	0	NULL
スマホ -rt	807104631755063300	2016-12-09 15:08:34	Ideamux	アイデアマックス	338222810	NULL	NULL	-1	スマホRPGは今これをやってるよ。今の推しキャラはこちら！　ゲーム内プロフィール→　https://t.co/0Qu0LeeJv7 https://t.co/IkGxxwcyRn	<a href="http://granbluefantasy.jp/" rel="nofollow">グランブルー ファンタジー</a>	-1	China	zh-CN	http://pbs.twimg.com/profile_images/431239641128132608/9kf0pz2d_normal.jpeg	NULL		NULL	NULL	0	NULL
スマホ -rt	807104624595386368	2016-12-09 15:08:32	shibuya913	暗黒の渋谷アツキ九号(昆?-?布)	803982258130456576	NULL	b00kpe0ple	3285518114	@b00kpe0ple スマホでやるのなんか難しい	<a href="http://twitter.com/download/android" rel="nofollow">Twitter for Android</a>	807104494169268224	エルキドゥを当てられなかった廃人の中(にさえ入れない)	ja	http://pbs.twimg.com/profile_images/806509560013811714/So3XgrqV_normal.jpg	NULL		NULL	NULL	0	NULL
スマホ -rt	807104620757561344	2016-12-09 15:08:31	sale_apps_ios	iphone小僧	446852084	NULL	NULL	-1	後悔する前に読んでおきたい３３歳までに学ぶべきこと - NAVER まとめ https://t.co/WVkB2Tp3H3 #アプリ #スマホ #iPhoneJP #iPadJP #電子書籍 #人気 #セール #相互	<a href="http://twittbot.net/" rel="nofollow">twittbot.net</a>	-1	渋谷区	ja	http://pbs.twimg.com/profile_images/1760650091/L3266170000899423_normal.jpg	NULL		NULL	NULL	0	NULL
スマホ -rt	807104618928799744	2016-12-09 15:08:31	app_luv	スマホ電子書籍情報局	551607850	NULL	NULL	-1	モテる鉄板雑学！今すぐ実践すればモテモテになること間違いない！？アプリ限定価格で期間限定販売実施中！締切の前に急げ！！　https://t.co/eDoz1XF5Ue　電子書籍　iPhone iPad スマホ　スマートフォン　暇　雑学　スロット　山　川　海　休み　２ちゃん　掲示板	<a href="http://twittbot.net/" rel="nofollow">twittbot.net</a>	-1	tokyo,shibuya	ja	http://pbs.twimg.com/profile_images/2099886237/writing_man_normal.jpg	NULL		NULL	NULL	0	NULL
スマホ -rt	807104618509369344	2016-12-09 15:08:30	DEAICO1	お得情報 口コミ 無料サンプル モニター	1265931625	NULL	NULL	-1	ルイヴィトン空き箱　布袋セット３７０円これは安い！メルカリはスマホでそのままフリーマーケットが楽しめます！早い者勝ち↓　↓　↓https://t.co/yyU6ch38Pe	<a href="http://twittbot.net/" rel="nofollow">twittbot.net</a>	-1	時の流れの中	ja	http://pbs.twimg.com/profile_images/3382730967/5292ea6f27ba9bd7bdd63e4447d5c209_normal.jpeg	NULL		NULL	NULL	0	NULL
スマホ -rt	807104604118753280	2016-12-09 15:08:27	3109zerowasu	ぶめん	806834673087221760	NULL	NULL	-1	スマホRPGは今これをやってるよ。今の推しキャラはこちら！　ゲーム内プロフィール→　https://t.co/ilvwno2BcI https://t.co/7sKLoSBaGO	<a href="http://granbluefantasy.jp/" rel="nofollow">グランブルー ファンタジー</a>	-1		ja	http://abs.twimg.com/sticky/default_profile_images/default_profile_2_normal.png	NULL		NULL	NULL	0	NULL
スマホ -rt	807104599840591873	2016-12-09 15:08:26	_zyagaimo2010	ITO@ネットビジネス/投資	4364047994	NULL	NULL	-1	ネットビジネス＝詐欺、怖いというイメージが自分にもありました。それはステレオタイプ、固定観念である。今では、あの時《連絡》に踏み出して良かった。後悔はさせません！スマホ一つでバリバリ稼ぎましょう！連絡待ってます！	<a href="http://twittbot.net/" rel="nofollow">twittbot.net</a>	-1	カカオ zyagaimo2010	ja	http://pbs.twimg.com/profile_images/669811434319032320/WlBiXb55_normal.jpg	NULL		NULL	NULL	0	NULL
スマホ -rt	807104589665169408	2016-12-09 15:08:24	xLyQAoqveJU1cCg	もちだ	792397265629351936	NULL	NULL	-1	スマホRPGは今これをやってるよ。今の推しキャラはこちら！　ゲーム内プロフィール→　https://t.co/2ccpTj372j https://t.co/M8kkyA62Id	<a href="http://granbluefantasy.jp/" rel="nofollow">グランブルー ファンタジー</a>	-1		ja	http://abs.twimg.com/sticky/default_profile_images/default_profile_1_normal.png	NULL		NULL	NULL	0	NULL
スマホ -rt	807104587068940292	2016-12-09 15:08:23	kusabi	tetsugoro	5455602	NULL	NULL	-1	全体的に端末が巨大化してきてるAndroidスマホにこそスマートウォッチが欲しいとこなんだけども、そっちにはロクなものがないという……	<a href="http://twitter.com" rel="nofollow">Twitter Web Client</a>	-1	KWANSAI	ja	http://pbs.twimg.com/profile_images/1024203060/_m_madakattemasuka_normal.png	NULL		NULL	NULL	0	NULL
スマホ -rt	807104583176581120	2016-12-09 15:08:22	08084291211p	ポツ@ニュージーランド旅行中	2245645238	NULL	pom_pom_2012	3747895573	@pom_pom_2012 これスマホ？？？	<a href="http://twitter.com/download/iphone" rel="nofollow">Twitter for iPhone</a>	807103590892322816	音楽室の段の一番上	ja	http://pbs.twimg.com/profile_images/787653050257203200/QYDPjFnx_normal.jpg	NULL		NULL	NULL	0	NULL
スマホ -rt	807104574523703296	2016-12-09 15:08:20	orochikaze	тера	1893689544	NULL	NULL	-1	スマホRPGは今これをやってるよ。今のジョブはこれ！　ゲーム内プロフィール→　https://t.co/ss3SHgthrS https://t.co/smbDhodc93	<a href="http://granbluefantasy.jp/" rel="nofollow">グランブルー ファンタジー</a>	-1	そこですか	ja	http://pbs.twimg.com/profile_images/378800000493494419/54672cea3f5e948e8be88b0b76525721_normal.jpeg	NULL		NULL	NULL	0	NULL
スマホ -rt	807104563278802944	2016-12-09 15:08:17	heroheroheroppi	へろへろ	43278317	NULL	NULL	-1	スマホ向けはMobileだけなのかな？あと非SnapdragonなARMチップセットの扱いをどうするか / “ARM版Windows 10のメリットとは、そして「どんな製品に」搭載されるのか（笠原一輝） - Engadget 日…” https://t.co/PoNaqYUPI6	<a href="http://www.hatena.ne.jp/guide/twitter" rel="nofollow">Hatena</a>	-1		ja	http://pbs.twimg.com/profile_images/1004892975/mikanman_r4_normal.png	NULL		NULL	NULL	0	NULL
スマホ -rt	807104553648726017	2016-12-09 15:08:15	_appxx	本日のアプリランキング！	3252242131	NULL	NULL	-1	iPhone用　無料アプリ　ファイナンス部門　第35位楽天ペイ スマホだけでお支払...https://t.co/XKfeOyls1k＼アプリ公開記念！期間限定／エントリー＆アプリのご利...#ファイナンス #アプリ https://t.co/Rx85llF1yR	<a href="http://app-lis.com" rel="nofollow">app_lis Twitter</a>	-1	スマホのなか	ja	http://pbs.twimg.com/profile_images/612851247595454464/VmOIuPjW_normal.jpg	NULL		NULL	NULL	0	NULL
スマホ -rt	807104549987045376	2016-12-09 15:08:14	Aldebaran1983tw	blue	3052128294	NULL	NULL	-1	スマホRPGは今これをやってるよ。今のジョブはこれ！　ゲーム内プロフィール→　https://t.co/FhbcXWHrvJ https://t.co/6WqhTz1tlX	<a href="http://granbluefantasy.jp/" rel="nofollow">グランブルー ファンタジー</a>	-1		ja	http://abs.twimg.com/sticky/default_profile_images/default_profile_5_normal.png	NULL		NULL	NULL	0	NULL
スマホ -rt	807104544115073024	2016-12-09 15:08:13	fetw1103	みよ	2937775632	NULL	NULL	-1	スマホRPGは今これをやってるよ。今のジョブはこれ！　ゲーム内プロフィール→　https://t.co/3mUMSk0jgx https://t.co/qIrYyFjocr	<a href="http://granbluefantasy.jp/" rel="nofollow">グランブルー ファンタジー</a>	-1		ja	http://pbs.twimg.com/profile_images/694447972390580224/1mYdP1p-_normal.jpg	NULL		NULL	NULL	0	NULL
スマホ -rt	807104541216817152	2016-12-09 15:08:12	soi_nb	のび太の絞り汁	577379366	NULL	sgosgo	120382840	@sgosgo なんかスパンヤオの方々のスマホの画面舐め捲くってるワタクシにクリソツですね(≧▽≦)ｂ	<a href="http://twitter.com/download/android" rel="nofollow">Twitter for Android</a>	807089503143739392		ja	http://pbs.twimg.com/profile_images/801210935775936512/wLwJTl5I_normal.jpg	NULL		NULL	NULL	0	NULL
スマホ -rt	807104541036396544	2016-12-09 15:08:12	HeinZ_CT9W	へいきち	128437252	NULL	GranDaZur_1225	3021361261	@GranDaZur_1225 Everfilterはスマホから個人情報抜くって話もあるから止めといたほうが…	<a href="http://twitter.com/download/android" rel="nofollow">Twitter for Android</a>	807100852146049024	修羅の国（なかっぱのいる町）	ja	http://pbs.twimg.com/profile_images/713634878219239425/_OBFlvVs_normal.jpg	NULL		NULL	NULL	0	NULL
スマホ -rt	807104541023842304	2016-12-09 15:08:12	Sho4_Michel	松本 しょうご。	3037949174	NULL	NULL	-1	スマホいじりながら電車の乗り降りするとろとろしたやつにイライラして今。	<a href="http://twitter.com/download/iphone" rel="nofollow">Twitter for iPhone</a>	-1		ja	http://pbs.twimg.com/profile_images/795785979583819776/alu_cfW5_normal.jpg	NULL		NULL	NULL	0	NULL
スマホ -rt	807104537177702400	2016-12-09 15:08:11	faor_	イオリ	739373073858600961	NULL	NULL	-1	身内のみりあPがそろそろみりあきそうって震えてたからそれの確認のためだけにスマホ開いたらこの	<a href="http://twitter.softama.com/" rel="nofollow">ツイタマ+ for Android</a>	-1	東京近郊N市の横転バス付近	ja	http://pbs.twimg.com/profile_images/759792920954228738/pFNg6wCv_normal.jpg	NULL		NULL	NULL	0	NULL
スマホ -rt	807104535957151744	2016-12-09 15:08:11	trill0412	トリル@相互募集	1381014590	NULL	NULL	-1	ちょっぴりHなイラストが好み過ぎる:(；ﾞﾟ'ωﾟ'):これはオススメだわロードオブワルキューレ(R-18)【スマホ】https://t.co/QuEfbk9Dm0 【PC】https://t.co/L79YmGKDdL	<a href="http://twittbot.net/" rel="nofollow">twittbot.net</a>	-1	tokyo	ja	http://pbs.twimg.com/profile_images/3576304866/3e0d2575214680fd32c03e9b5c08c3aa_normal.jpeg	NULL		NULL	NULL	0	NULL
スマホ -rt	807104533935460354	2016-12-09 15:08:10	yukieqazxc	yukie	541384794	NULL	NULL	-1	セフレWORKSは、セックスを目的とした出会いを求める方の為のプロフィールサイト！ #スマホ https://t.co/CLOaBqenxq (セフレWORKS) #スマートフォン	<a href="http://twittbot.net/" rel="nofollow">twittbot.net</a>	-1		ja	http://pbs.twimg.com/profile_images/344513261580118557/57cd8f6eeb7eda5c70eed5f5cbd7fd73_normal.jpeg	NULL		NULL	NULL	0	NULL
スマホ -rt	807104531624382465	2016-12-09 15:08:10	8810_hato	よねsan	2720807432	NULL	NULL	-1	スマホRPGは今これをやってるよ。今のジョブはこれ！　ゲーム内プロフィール→　https://t.co/KwUabM7MlC https://t.co/8YnsrbYBk0	<a href="http://granbluefantasy.jp/" rel="nofollow">グランブルー ファンタジー</a>	-1		ja	http://pbs.twimg.com/profile_images/652360831271747584/QNpOj7nw_normal.jpg	NULL		NULL	NULL	0	NULL
スマホ -rt	807104526566068224	2016-12-09 15:08:09	taro_love_mjj	たろさ@ひとりぼっち	589687372	NULL	NULL	-1	スマホぽちぽちしてる俺の迷惑	<a href="http://589lab.net/works/cerisier/" rel="nofollow">Cerisier</a>	-1	風を感じる街 ~yokosuka	ja	http://pbs.twimg.com/profile_images/806053593648218112/hBJOV_pc_normal.jpg	NULL		NULL	NULL	0	NULL
スマホ -rt	807104524049666048	2016-12-09 15:08:08	madhoca77	グルグルグルメ男	4523286736	NULL	NULL	-1	今日はスマホの調子が悪く、ネットがサクサクいきません。たまにはネットから離れて散歩するのもいいかもね。	<a href="http://twittbot.net/" rel="nofollow">twittbot.net</a>	-1	USA	ja	http://pbs.twimg.com/profile_images/681807043204747264/A8ZNminF_normal.jpg	NULL		NULL	NULL	0	NULL
スマホ -rt	807104512242524160	2016-12-09 15:08:05	news_apple_bot	Apple news bot	528979858	NULL	NULL	-1	走るマリオを指一本で操作 スマホ初のマリオ『SUPER MARIO RUN』を体験 - ニフティニュース https://t.co/66y8uc2NPs	<a href="https://dlvrit.com/" rel="nofollow">dlvr.it</a>	-1		ja	http://pbs.twimg.com/profile_images/470788092853374976/mjMfnXXv_normal.jpeg	NULL		NULL	NULL	0	NULL
スマホ -rt	807104505892306944	2016-12-09 15:08:04	bizinessman1	☆	3029956515	NULL	NULL	-1	今は情報化社会。電車に乗れば誰でもスマホを触っている。稼げるか稼げないかは情報を知っているか知っていないかです。かなりの確率で情報を手に入れたらすぐに稼げます。そんな情報をシェアさせて頂きます。初期投資1万円程です。メッセージ下さい。	<a href="http://autotweety.net" rel="nofollow">autotweety.net</a>	-1		ja	http://pbs.twimg.com/profile_images/654748425414537217/X3rAjS3x_normal.jpg	NULL		NULL	NULL	0	NULL
スマホ -rt	807104495368871936	2016-12-09 15:08:01	LightJapanList	LightJapanList	583971575	NULL	NULL	-1	「自分に合ったスマホの選び方 OS以外に重視すべき点とは？」についてあなたが思ったことを入力して、クチコミを投稿ボタンを押してください。  https://t.co/8FGzEFZp7m	<a href="https://twitter.com/LightJapanList" rel="nofollow">LightJapanList</a>	-1		ja	http://pbs.twimg.com/profile_images/2229521675/Light_normal.png	NULL		NULL	NULL	0	NULL
スマホ -rt	807104495020687360	2016-12-09 15:08:01	ibuyama94	こもちん@みでし2期希望	1900523280	NULL	NULL	-1	スマホRPGは今これをやってるよ。今の推しキャラはこちら！　ゲーム内プロフィール→　https://t.co/VVm80OPBXw https://t.co/mvCTW60Oet	<a href="http://granbluefantasy.jp/" rel="nofollow">グランブルー ファンタジー</a>	-1		ja	http://pbs.twimg.com/profile_images/453477370519756800/vkNzkvvS_normal.jpeg	NULL		NULL	NULL	0	NULL
スマホ -rt	807104494169268224	2016-12-09 15:08:01	b00kpe0ple	ぽめ	3285518114	NULL	shibuya913	803982258130456576	@shibuya913 ワイはスマホでしかやってない	<a href="http://twitter.com/download/android" rel="nofollow">Twitter for Android</a>	807101774133764096		ja	http://pbs.twimg.com/profile_images/805726682699022336/EBBDlPHm_normal.jpg	NULL		NULL	NULL	0	NULL
スマホ -rt	807104490771861504	2016-12-09 15:08:00	TUKzGDfvoLT72JV	はるき	4393324514	NULL	NULL	-1	スマホRPGは今これをやってるよ。今のジョブはこれ！　ゲーム内プロフィール→　https://t.co/cpaWSBfYCF https://t.co/Eqs6lbcSVb	<a href="http://granbluefantasy.jp/" rel="nofollow">グランブルー ファンタジー</a>	-1		ja	http://abs.twimg.com/sticky/default_profile_images/default_profile_5_normal.png	NULL		NULL	NULL	0	NULL
スマホ -rt	807104487764553728	2016-12-09 15:07:59	akikaze15	AK!KAZE	280021252	NULL	NULL	-1	スマホRPGは今これをやってるよ。今の推しキャラはこちら！　ゲーム内プロフィール→　https://t.co/CFNgVvB9fD https://t.co/0lq8E07SVc	<a href="http://granbluefantasy.jp/" rel="nofollow">グランブルー ファンタジー</a>	-1	長野	ja	http://pbs.twimg.com/profile_images/802803185756667904/cnXX_23A_normal.jpg	NULL		NULL	NULL	0	NULL
スマホ -rt	807104482647543808	2016-12-09 15:07:58	atyao_	放課後のあちゃお	510459259	NULL	NULL	-1	スマホ変えたからカチューシャの画像がない	<a href="http://twitter.suruyatu.com/" rel="nofollow">ツイッターするやつγ</a>	-1	大湊警備府	ja	http://pbs.twimg.com/profile_images/796325721161334785/nBSi1AII_normal.jpg	NULL		NULL	NULL	0	NULL
スマホ -rt	807104482119036928	2016-12-09 15:07:58	APjdmwtg	pjdmwtg.a	726039490238636032	NULL	NULL	-1	スマホRPGは今これをやってるよ。今のジョブはこれ！　ゲーム内プロフィール→　https://t.co/sNs5Apm9tq https://t.co/61yZCVlcNt	<a href="http://granbluefantasy.jp/" rel="nofollow">グランブルー ファンタジー</a>	-1		ja	http://abs.twimg.com/sticky/default_profile_images/default_profile_4_normal.png	NULL		NULL	NULL	0	NULL
スマホ -rt	807104478893641728	2016-12-09 15:07:57	hentaibrothers2	HBS2	84563021	NULL	NULL	-1	スマホRPGは今これをやってるよ。今のジョブはこれ！　ゲーム内プロフィール→　https://t.co/gMq9UUZVRn https://t.co/DGd2qWYGFn	<a href="http://granbluefantasy.jp/" rel="nofollow">グランブルー ファンタジー</a>	-1		ja	http://abs.twimg.com/sticky/default_profile_images/default_profile_4_normal.png	NULL		NULL	NULL	0	NULL
スマホ -rt	807104478289661952	2016-12-09 15:07:57	ym_nango18	ワイモバイル南郷１８丁目	2897993510	NULL	NULL	-1	遂に新ケータイがワイモバイルから登場！！LINEが出来るガラケーです！スマホは使いこなせるか不安・・・でも流行のLINEは使ってみたい・・・そんなお客様に最適ですよ＼(^o^)／ぜひお問い合せ下さい！070-6910－1116#南郷 #携帯 #スマホ #LINE	<a href="http://twittbot.net/" rel="nofollow">twittbot.net</a>	-1		ja	http://pbs.twimg.com/profile_images/536334820557615104/_FpRohSb_normal.jpeg	NULL		NULL	NULL	0	NULL
スマホ -rt	807104473994645505	2016-12-09 15:07:56	tmih2	あああえ	732229086	NULL	NULL	-1	スマホRPGは今これをやってるよ。今の推しキャラはこちら！　ゲーム内プロフィール→　https://t.co/4Qh53gGxUP https://t.co/nEbsFmbfcs	<a href="http://granbluefantasy.jp/" rel="nofollow">グランブルー ファンタジー</a>	-1		ja	http://abs.twimg.com/sticky/default_profile_images/default_profile_1_normal.png	NULL		NULL	NULL	0	NULL
スマホ -rt	807104471566123008	2016-12-09 15:07:55	Umao0202	鈴木	715261989069594624	NULL	NULL	-1	砂浜や湖畔でスマホ出来るのかあ凄いなあやってみよ	<a href="http://twitter.com/download/android" rel="nofollow">Twitter for Android</a>	-1	雛見沢	ja	http://pbs.twimg.com/profile_images/806493787811782656/lKe7sMvj_normal.jpg	NULL		NULL	NULL	0	NULL
スマホ -rt	807104455275466752	2016-12-09 15:07:52	nyaho_geso	にゃほ(＾ω＾)@ pixiv企画開催中	164689274	NULL	NULL	-1	スマホを落として、保護フィルムに傷がついて飛び出したような傷ができた　新しく買うか悩んでる	<a href="http://twitter.com/download/android" rel="nofollow">Twitter for Android</a>	-1	絶望的超絶地獄の世界	ja	http://pbs.twimg.com/profile_images/637208513882619905/FHU-REc__normal.jpg	NULL		NULL	NULL	0	NULL
スマホ -rt	807104438976462848	2016-12-09 15:07:48	wakiase1	もざいく	3084745128	NULL	NULL	-1	このスマホがまともに充電できなくなってから8ヶ月。着々と充電の難易度が上がっていき限界は近いと感じる。今日もまた症状が進行した。	<a href="http://twitter.com/download/iphone" rel="nofollow">Twitter for iPhone</a>	-1	東京都	ja	http://pbs.twimg.com/profile_images/770651741196988417/0OqDhf6v_normal.jpg	NULL		NULL	NULL	0	NULL
スマホ -rt	807104432072556544	2016-12-09 15:07:46	hinomaru_hyo_no	┌┘氷乃└┐｛ししおう尊い)	971825370	NULL	syaki_n3	588167634	@syaki_n3 突然すみません、氷乃です…！スマホは使えるようになったのですが、事情によりLINEが夜まで使えないのですが、通知だけは見れたので取り急ぎこちらから連絡失礼します…！DMなど可能でしょうか…？	<a href="http://twitter.com/download/android" rel="nofollow">Twitter for Android</a>	-1	にゃんこに囲まれたｳﾊｳﾊ生活という妄想の中	ja	http://pbs.twimg.com/profile_images/806151719440683008/a7gbmsHh_normal.jpg	NULL		NULL	NULL	0	NULL
